Age,Gender,Country,Study_Hours_Per_Week,Sleep_Hours_Per_Day,Screen_Time_Hours_Per_Day,Attendance_Percentage,Family_Income_Level,Stress_Level,Mental_Health_Score,Final_Exam_Score,Pass_Fail
21,Male,India,12,8.0,2.5,68,Medium,7,88,25.0,Fail
18,Male,India,17,5.4,2.3,72,Low,3,25,27.0,Fail
22,Female,Germany,12,5.1,9.8,68,Low,3,79,39.0,Fail
19,Female,India,27,8.8,7.8,74,Low,10,90,44.0,Fail
21,Male,India,47,4.0,9.7,65,Low,9,72,66.0,Pass
24,Female,Germany,5,9.0,5.0,58,Medium,8,51,7.0,Fail
17,Female,UK,49,7.4,3.5,50,Medium,5,88,71.0,Pass
21,Female,Pakistan,28,8.1,8.2,91,High,6,48,49.0,Fail
22,Female,France,39,5.5,3.9,68,Low,10,70,58.0,Pass
19,Female,USA,28,4.1,3.7,82,Medium,1,99,38.0,Fail
18,Male,Canada,21,7.7,3.1,83,Medium,10,65,31.0,Fail
22,Female,USA,9,8.2,2.2,65,Medium,1,60,46.0,Fail
22,Male,USA,24,7.7,3.3,93,Low,4,46,43.0,Fail
17,Female,Australia,25,4.7,4.2,89,High,2,36,48.0,Fail
20,Male,Pakistan,44,7.8,7.1,67,Medium,7,58,58.0,Pass
19,Female,Australia,35,7.8,1.6,83,Low,2,76,52.0,Pass
16,Male,Pakistan,40,7.3,2.9,74,Medium,10,38,33.0,Fail
22,Female,Germany,15,7.8,8.3,94,Medium,2,11,41.0,Fail
20,Male,Germany,19,8.2,2.3,55,High,5,12,33.0,Fail
16,Female,France,23,7.1,4.1,70,Medium,4,42,42.0,Fail
19,Male,Pakistan,11,4.4,8.8,55,Medium,8,39,16.0,Fail
15,Female,India,32,6.4,2.4,81,Low,4,71,57.0,Pass
24,Male,UK,47,4.4,1.7,90,Low,6,11,85.0,Pass
20,Male,France,9,6.0,5.4,97,High,5,36,30.0,Fail
23,Female,France,9,6.0,3.7,92,Low,2,52,30.0,Fail
15,Female,India,34,4.3,6.1,88,Low,8,31,52.0,Pass
24,Male,UK,36,5.7,8.2,80,High,2,33,70.0,Pass
17,Female,Australia,12,4.6,2.2,91,Medium,9,13,42.0,Fail
21,Male,UK,14,8.0,6.2,59,High,9,18,15.0,Fail
18,Male,Australia,42,8.7,5.5,79,Low,3,41,71.0,Pass
23,Male,Germany,36,4.4,2.3,67,High,4,58,61.0,Pass
17,Female,USA,32,8.8,6.6,73,Medium,8,56,38.0,Fail
19,Male,Germany,21,6.6,3.5,58,High,9,24,29.0,Fail
17,Male,Germany,35,5.5,5.4,80,Low,3,73,47.0,Fail
21,Female,USA,12,4.4,1.7,64,Low,5,31,8.0,Fail
19,Female,UK,44,6.5,5.1,53,High,8,55,60.0,Pass
23,Female,France,29,8.0,3.8,89,Medium,3,10,53.0,Pass
21,Female,UK,13,7.5,8.4,58,High,7,60,25.0,Fail
16,Male,Australia,6,4.3,1.5,94,Medium,8,2,23.0,Fail
18,Male,India,19,4.4,4.8,58,Medium,10,15,15.0,Fail
23,Male,Australia,7,6.0,5.1,75,High,3,3,26.0,Fail
16,Male,India,40,5.5,7.5,53,Medium,2,43,49.0,Fail
24,Female,Germany,8,5.2,6.2,66,Low,10,31,28.0,Fail
23,Male,USA,18,5.4,7.0,65,High,7,70,17.0,Fail
24,Male,Germany,45,8.0,8.0,64,Medium,9,67,58.0,Pass
19,Female,Pakistan,45,8.6,8.8,84,Low,1,56,67.0,Pass
16,Male,UK,29,6.0,3.8,54,High,3,63,52.0,Pass
18,Male,India,14,8.5,5.8,54,Low,5,75,22.0,Fail
21,Male,Australia,25,5.6,8.6,69,Low,3,15,41.0,Fail
22,Male,USA,40,6.4,9.9,64,Low,1,92,74.0,Pass
17,Male,India,16,5.1,9.0,67,Medium,7,10,29.0,Fail
15,Male,Australia,31,7.2,4.3,96,High,7,38,61.0,Pass
18,Female,UK,44,8.9,2.8,51,High,10,47,43.0,Fail
16,Female,Germany,6,7.0,5.4,78,Medium,8,57,5.0,Fail
22,Male,UK,17,5.8,7.7,62,High,5,50,33.0,Fail
18,Male,Canada,36,7.2,5.4,53,Low,10,71,41.0,Fail
16,Female,Pakistan,35,4.6,5.3,91,High,5,15,68.0,Pass
20,Male,Canada,20,8.4,8.5,94,Medium,5,18,44.0,Fail
20,Male,USA,36,6.5,4.3,59,Low,1,82,61.0,Pass
24,Male,India,36,6.2,8.7,80,Medium,10,88,36.0,Fail
18,Female,USA,38,6.9,4.7,90,Low,5,2,84.0,Pass
20,Male,Germany,15,7.1,4.0,57,Low,6,84,24.0,Fail
16,Female,Australia,14,4.4,5.1,52,High,1,98,38.0,Fail
24,Male,UK,19,7.4,7.9,97,Low,7,43,33.0,Fail
16,Female,Canada,21,5.2,2.1,95,Medium,1,26,55.0,Pass
24,Female,France,44,7.6,2.8,58,High,2,71,54.0,Pass
18,Male,Canada,22,8.1,9.6,79,Medium,2,38,52.0,Pass
22,Female,Germany,13,8.0,2.6,60,Low,5,94,23.0,Fail
21,Male,Canada,29,6.8,6.1,84,Medium,10,42,45.0,Fail
23,Female,Germany,44,6.6,6.2,86,Medium,7,5,75.0,Pass
22,Male,France,18,4.7,5.4,91,Low,1,11,35.0,Fail
19,Male,USA,29,7.9,6.8,62,High,10,65,32.0,Fail
16,Female,UK,26,5.4,3.1,85,Medium,1,34,60.0,Pass
19,Male,India,34,6.5,6.0,62,Low,1,1,79.0,Pass
22,Male,Australia,24,5.4,4.3,61,High,6,83,37.0,Fail
24,Female,India,25,4.7,7.0,86,High,2,2,59.0,Pass
23,Male,USA,48,7.1,2.3,59,High,1,85,73.0,Pass
23,Male,Australia,36,4.3,6.1,58,Medium,6,20,71.0,Pass
15,Female,Canada,25,7.7,2.7,56,Medium,2,61,26.0,Fail
23,Female,France,39,5.6,3.5,51,Medium,6,87,54.0,Pass
21,Male,France,36,4.0,3.0,72,High,10,21,34.0,Fail
23,Male,Pakistan,34,6.6,2.6,88,Medium,8,88,30.0,Fail
22,Female,USA,43,4.2,8.4,89,Low,2,68,78.0,Pass
15,Female,USA,16,5.4,3.6,88,Medium,9,12,33.0,Fail
22,Male,UK,45,7.5,9.3,70,Medium,8,22,60.0,Pass
22,Female,India,22,4.3,9.7,72,High,10,20,32.0,Fail
17,Male,USA,25,8.2,6.1,78,Medium,1,82,83.0,Pass
15,Male,USA,17,4.0,2.3,63,Low,7,1,26.0,Fail
22,Male,Canada,25,5.2,4.4,75,High,10,30,43.0,Fail
17,Male,Canada,12,7.7,8.2,54,Low,6,97,15.0,Fail
17,Male,Australia,44,5.6,4.3,80,High,6,24,71.0,Pass
15,Female,Germany,11,4.5,1.8,74,High,6,14,24.0,Fail
19,Female,Germany,27,5.8,6.0,80,Medium,6,36,43.0,Fail
24,Female,Pakistan,48,5.4,8.6,99,Low,10,69,90.0,Pass
21,Female,Germany,36,8.2,8.2,69,High,7,75,65.0,Pass
24,Male,UK,15,5.6,2.6,93,Medium,3,24,43.0,Fail
23,Male,Pakistan,26,7.9,7.1,66,High,6,60,19.0,Fail
21,Male,Australia,26,8.5,3.0,94,High,3,95,51.0,Pass
23,Male,Canada,47,6.2,3.0,51,High,7,55,88.0,Pass
22,Female,Germany,29,8.5,8.9,74,High,7,77,44.0,Fail
16,Male,India,26,5.9,3.2,62,High,8,80,49.0,Fail
15,Male,Canada,32,8.8,3.4,88,High,2,24,76.0,Pass
21,Female,France,33,4.4,1.0,77,Medium,9,77,51.0,Pass
21,Female,UK,17,7.4,8.8,91,High,5,24,32.0,Fail
22,Female,Canada,22,6.5,8.1,55,Low,9,54,5.0,Fail
19,Female,UK,6,5.9,6.6,52,Medium,10,26,15.0,Fail
17,Male,UK,33,7.2,7.8,84,Low,5,66,49.0,Fail
22,Male,UK,25,7.5,2.4,67,High,7,80,41.0,Fail
20,Female,Australia,19,4.0,5.1,60,Low,9,38,15.0,Fail
17,Male,UK,31,4.8,4.2,69,High,4,65,49.0,Fail
15,Male,UK,35,7.6,1.8,54,High,2,75,56.0,Pass
17,Male,France,19,7.3,5.4,68,Medium,9,51,32.0,Fail
19,Female,India,27,8.8,9.3,71,Medium,2,35,40.0,Fail
17,Male,Pakistan,28,7.8,1.4,68,High,3,43,61.0,Pass
15,Female,USA,48,8.8,3.6,96,Medium,10,29,65.0,Pass
19,Male,France,17,7.5,2.9,65,Low,2,37,20.0,Fail
24,Male,Pakistan,26,5.5,3.1,73,Medium,3,81,48.0,Fail
21,Male,UK,47,4.5,9.2,90,Medium,6,58,75.0,Pass
21,Female,India,41,7.9,5.2,53,Low,3,54,62.0,Pass
23,Male,Canada,37,7.2,5.2,64,Medium,10,39,62.0,Pass
24,Female,India,7,4.2,7.8,74,High,8,42,16.0,Fail
24,Female,France,23,5.8,2.4,93,Low,6,28,45.0,Fail
17,Female,UK,27,8.8,5.4,84,High,7,29,36.0,Fail
21,Male,India,33,6.5,4.9,63,Low,1,43,65.0,Pass
15,Male,Germany,34,6.2,6.4,98,High,3,3,68.0,Pass
18,Male,India,43,6.3,10.0,68,High,3,10,63.0,Pass
18,Male,UK,48,5.0,7.9,87,Medium,2,59,62.0,Pass
19,Female,Australia,29,5.8,4.6,85,High,7,14,64.0,Pass
21,Female,Germany,41,5.8,8.4,56,Medium,9,76,40.0,Fail
21,Female,India,12,4.3,2.5,79,Low,4,47,26.0,Fail
18,Male,USA,46,7.8,1.3,68,High,5,42,72.0,Pass
21,Female,USA,20,6.1,2.8,98,High,3,94,37.0,Fail
17,Male,India,12,8.1,4.1,74,Low,9,32,8.0,Fail
20,Female,Australia,5,8.3,5.6,65,Low,4,32,0.0,Fail
16,Male,Canada,48,5.1,6.5,96,High,5,42,86.0,Pass
24,Male,UK,9,7.3,9.2,89,Low,1,32,31.0,Fail
23,Female,USA,7,6.4,5.6,57,Medium,2,26,52.0,Pass
19,Female,Canada,5,8.4,5.5,67,Low,9,1,3.0,Fail
20,Female,India,8,5.1,1.5,77,Low,2,56,20.0,Fail
18,Female,France,44,7.4,1.3,65,High,5,2,59.0,Pass
24,Male,Canada,39,7.0,6.0,68,Medium,8,81,58.0,Pass
21,Female,Germany,36,5.5,4.9,91,Low,3,30,61.0,Pass
23,Female,Pakistan,46,4.7,8.6,66,Medium,6,71,72.0,Pass
21,Female,USA,38,7.3,2.4,94,Medium,4,52,58.0,Pass
15,Male,India,47,7.7,1.2,62,Medium,7,91,51.0,Pass
15,Male,France,29,5.6,5.0,56,High,10,9,19.0,Fail
23,Female,UK,14,7.2,3.1,76,Low,3,22,13.0,Fail
23,Male,France,25,6.0,1.4,59,High,6,34,34.0,Fail
18,Female,Australia,43,7.6,7.5,83,Low,10,49,58.0,Pass
23,Male,Germany,31,5.0,2.0,85,Low,9,1,43.0,Fail
17,Male,India,31,8.5,6.5,74,High,10,73,57.0,Pass
21,Male,UK,6,5.4,3.5,55,Medium,1,84,34.0,Fail
20,Male,Australia,45,5.8,2.6,73,Medium,3,53,68.0,Pass
22,Female,Australia,17,4.3,4.4,67,Low,2,83,20.0,Fail
23,Female,India,13,4.6,8.2,72,High,8,100,20.0,Fail
19,Female,Germany,40,6.6,4.5,55,Medium,7,40,48.0,Fail
15,Male,Canada,26,5.3,7.8,78,Medium,2,45,45.0,Fail
17,Female,Canada,46,8.2,2.1,74,Low,6,68,61.0,Pass
24,Female,Australia,30,4.1,8.0,66,Low,3,9,45.0,Fail
22,Female,Canada,16,5.9,3.1,95,High,8,22,32.0,Fail
20,Male,Pakistan,21,5.7,7.1,73,Low,10,18,26.0,Fail
22,Male,Australia,18,4.1,6.1,60,Medium,3,76,37.0,Fail
23,Male,Australia,18,4.6,9.4,75,Medium,10,43,33.0,Fail
18,Female,UK,38,6.1,4.5,83,Medium,9,39,48.0,Fail
15,Female,Canada,24,6.5,1.6,77,Medium,1,73,63.0,Pass
15,Female,Germany,15,6.0,1.2,52,High,5,6,16.0,Fail
24,Male,Australia,20,6.7,8.4,60,High,3,83,21.0,Fail
18,Male,France,35,7.0,5.7,87,Low,6,48,63.0,Pass
21,Female,Germany,10,4.0,8.0,63,Low,10,7,8.0,Fail
16,Male,Pakistan,23,6.3,3.1,75,Low,2,80,50.0,Pass
17,Male,UK,41,8.8,4.1,97,High,9,69,41.0,Fail
15,Male,India,8,6.6,1.3,70,Medium,6,16,36.0,Fail
19,Male,Germany,8,7.4,9.7,88,Low,7,1,32.0,Fail
15,Female,Australia,24,5.6,7.0,79,Medium,5,37,30.0,Fail
22,Male,Pakistan,14,7.9,9.4,57,Low,9,83,6.0,Fail
15,Male,USA,28,7.9,3.4,69,Low,1,37,70.0,Pass
15,Male,Pakistan,39,6.6,6.5,97,Low,5,81,61.0,Pass
16,Male,Pakistan,30,8.9,7.1,81,Low,10,64,37.0,Fail
16,Female,UK,41,4.6,3.9,71,Low,6,90,39.0,Fail
20,Female,India,42,4.1,8.6,56,Medium,7,86,53.0,Pass
21,Male,USA,25,7.9,9.5,58,Low,4,62,39.0,Fail
19,Male,Canada,44,8.0,9.0,94,Medium,1,72,87.0,Pass
15,Male,Canada,43,4.6,7.7,50,High,8,61,41.0,Fail
15,Male,Germany,25,5.3,3.5,78,Low,10,33,23.0,Fail
17,Male,Pakistan,14,4.1,3.5,57,Medium,4,66,32.0,Fail
16,Male,France,42,5.5,9.7,53,High,3,30,72.0,Pass
19,Female,UK,8,7.9,1.1,84,High,7,20,9.0,Fail
24,Male,France,49,6.6,7.4,52,High,2,60,82.0,Pass
20,Female,UK,24,5.7,7.4,94,Medium,8,82,45.0,Fail
21,Female,Canada,21,5.9,6.6,89,Low,6,74,54.0,Pass
18,Male,Germany,11,4.0,9.9,56,Low,7,24,19.0,Fail
21,Female,Germany,8,5.5,3.8,76,Medium,5,4,-0.0,Fail
22,Female,Germany,33,7.2,4.1,50,Low,9,37,40.0,Fail
15,Female,USA,18,8.9,1.7,76,Medium,5,4,48.0,Fail
20,Female,India,7,8.2,5.0,65,Low,5,77,11.0,Fail
22,Female,USA,28,4.1,3.3,87,High,3,89,51.0,Pass
19,Female,Australia,41,8.5,4.1,56,Low,1,77,63.0,Pass
18,Male,Australia,20,7.9,8.5,93,Medium,2,18,20.0,Fail
16,Female,France,8,7.9,9.4,72,Medium,8,88,36.0,Fail
20,Female,India,28,6.3,2.7,90,High,1,66,50.0,Pass
20,Female,Canada,38,6.0,4.4,60,Medium,7,48,58.0,Pass
15,Male,India,34,5.5,9.4,91,Low,5,33,60.0,Pass
23,Female,UK,22,4.3,1.6,82,Low,3,58,59.0,Pass
20,Male,Australia,23,5.1,1.8,99,High,7,83,51.0,Pass
17,Female,Pakistan,35,5.2,2.5,85,Medium,9,73,52.0,Pass
18,Male,Pakistan,23,6.4,6.4,86,High,2,28,41.0,Fail
18,Male,Canada,23,7.7,2.4,90,Low,8,35,51.0,Pass
17,Female,UK,26,6.4,9.7,66,High,9,10,19.0,Fail
24,Female,France,28,4.3,5.0,84,Medium,3,65,61.0,Pass
17,Male,USA,49,8.8,5.5,97,High,2,42,74.0,Pass
17,Female,UK,16,8.7,3.2,54,Medium,7,85,37.0,Fail
18,Male,Pakistan,34,7.9,5.2,97,Medium,5,9,64.0,Pass
21,Male,Pakistan,42,9.0,7.0,81,Low,5,60,74.0,Pass
18,Male,France,35,6.7,7.8,52,Low,10,15,43.0,Fail
23,Male,Australia,40,8.8,7.8,96,Low,5,99,52.0,Pass
15,Male,UK,23,4.4,6.2,84,Medium,4,57,38.0,Fail
22,Female,UK,49,5.8,9.1,63,High,5,69,77.0,Pass
21,Male,Pakistan,40,5.1,8.4,97,Medium,4,22,73.0,Pass
16,Male,USA,34,5.0,7.8,80,Low,6,64,68.0,Pass
22,Female,Canada,37,4.7,1.5,80,Low,4,41,66.0,Pass
15,Male,Germany,22,7.1,1.1,66,High,2,87,34.0,Fail
23,Female,Canada,32,7.9,2.9,73,Low,9,71,39.0,Fail
23,Female,UK,15,6.9,7.0,72,Low,2,56,38.0,Fail
16,Female,Canada,49,4.7,4.7,67,Low,9,23,42.0,Fail
21,Male,Pakistan,37,8.1,4.6,99,High,10,25,76.0,Pass
24,Male,Pakistan,21,7.2,9.0,63,Medium,6,91,40.0,Fail
17,Male,France,10,5.9,9.1,99,Low,9,6,40.0,Fail
21,Female,UK,8,7.4,9.2,64,High,9,34,0.0,Fail
24,Male,France,24,5.3,3.8,64,Low,3,63,56.0,Pass
23,Female,UK,31,5.7,7.2,55,High,1,9,75.0,Pass
18,Male,Germany,19,8.6,3.4,76,Low,1,60,31.0,Fail
15,Female,Germany,10,5.5,2.7,64,High,3,49,34.0,Fail
16,Male,Australia,18,6.3,2.7,99,Low,5,97,44.0,Fail
15,Male,UK,15,8.5,4.1,85,Medium,3,51,24.0,Fail
19,Male,USA,43,7.5,4.9,57,Low,9,60,60.0,Pass
19,Female,Canada,13,4.3,8.5,64,High,9,70,30.0,Fail
21,Female,UK,30,4.7,2.1,52,Low,3,37,41.0,Fail
23,Male,India,20,4.0,7.6,96,Medium,3,31,60.0,Pass
23,Male,Australia,9,7.2,5.8,62,Low,5,98,5.0,Fail
17,Female,India,14,6.2,3.6,90,High,2,41,26.0,Fail
17,Female,Pakistan,7,4.7,5.4,83,High,6,62,26.0,Fail
17,Female,Germany,17,8.8,3.7,73,Medium,7,93,32.0,Fail
18,Male,Canada,47,6.6,6.4,89,High,9,58,62.0,Pass
22,Female,UK,34,5.2,4.9,81,Low,6,14,64.0,Pass
20,Male,India,49,6.5,2.5,81,Low,3,36,84.0,Pass
22,Female,Canada,10,7.4,2.0,79,Low,5,36,37.0,Fail
15,Male,Pakistan,21,4.4,5.9,98,High,4,79,47.0,Fail
22,Female,Germany,49,5.4,9.1,62,Low,5,8,76.0,Pass
18,Female,USA,23,8.0,4.1,50,Low,8,26,26.0,Fail
15,Female,Australia,46,6.3,7.6,83,Low,8,36,89.0,Pass
22,Female,Canada,39,6.7,6.9,64,Medium,6,48,49.0,Fail
18,Female,Canada,30,6.2,9.4,93,High,1,85,83.0,Pass
20,Male,USA,9,4.2,8.4,63,High,8,28,18.0,Fail
22,Female,Canada,33,4.8,6.1,78,High,8,68,37.0,Fail
18,Female,Pakistan,41,6.2,6.9,83,Medium,2,62,85.0,Pass
17,Female,Pakistan,24,5.0,9.1,67,High,4,80,44.0,Fail
23,Male,USA,25,4.2,4.6,56,Medium,2,86,52.0,Pass
17,Female,Australia,14,8.2,3.9,78,Medium,4,76,46.0,Fail
23,Male,UK,9,8.9,1.1,80,High,10,80,23.0,Fail
16,Female,India,40,8.0,8.4,74,Low,7,51,54.0,Pass
16,Female,UK,10,8.3,8.2,87,Low,9,42,34.0,Fail
16,Male,Canada,30,5.2,1.9,63,High,8,29,43.0,Fail
20,Female,India,8,8.8,6.2,57,High,9,82,20.0,Fail
17,Male,France,43,5.0,5.2,76,Medium,8,10,41.0,Fail
23,Male,USA,43,8.8,2.1,51,High,2,39,68.0,Pass
18,Female,USA,39,9.0,9.8,66,Medium,7,82,50.0,Pass
15,Male,Australia,5,7.6,2.9,86,High,2,1,45.0,Fail
18,Female,India,28,8.9,1.6,63,Low,2,39,56.0,Pass
15,Female,Pakistan,40,6.8,6.4,74,Low,4,21,67.0,Pass
19,Male,India,10,5.3,7.6,79,High,1,65,39.0,Fail
18,Male,Canada,45,6.2,1.3,78,Medium,5,15,60.0,Pass
22,Male,Pakistan,48,7.0,6.9,69,Low,6,4,86.0,Pass
22,Male,Germany,35,4.4,5.8,70,Medium,9,60,69.0,Pass
21,Female,Germany,24,7.1,1.9,71,High,10,61,39.0,Fail
17,Female,France,28,8.9,2.6,84,High,8,20,63.0,Pass
15,Male,Germany,29,5.0,6.1,86,Low,2,10,52.0,Pass
15,Female,USA,40,8.0,3.7,65,High,1,87,58.0,Pass
17,Female,India,25,8.5,9.4,99,Low,2,34,57.0,Pass
20,Female,Germany,34,8.7,8.4,98,Medium,7,48,64.0,Pass
21,Female,UK,28,8.8,9.9,92,Low,4,33,51.0,Pass
20,Male,Australia,48,6.6,3.3,66,Low,10,98,68.0,Pass
20,Male,UK,46,8.9,9.7,65,Medium,5,61,70.0,Pass
20,Female,Germany,34,7.8,4.9,51,Low,7,10,36.0,Fail
17,Male,France,26,4.8,4.1,53,Low,3,54,48.0,Fail
20,Male,Australia,32,6.4,1.5,70,High,10,84,53.0,Pass
22,Male,Canada,11,7.6,1.5,88,Medium,2,65,38.0,Fail
16,Female,UK,39,5.2,7.2,83,Low,7,77,73.0,Pass
19,Female,France,32,7.2,5.1,79,Medium,5,1,42.0,Fail
15,Female,India,18,7.3,3.0,55,Medium,1,5,41.0,Fail
15,Male,India,14,4.8,6.5,66,Low,1,80,23.0,Fail
19,Female,UK,20,6.8,3.3,88,High,9,15,26.0,Fail
17,Female,Germany,20,7.9,6.2,74,Medium,5,28,32.0,Fail
18,Male,France,35,6.5,4.2,54,Low,1,95,47.0,Fail
17,Female,India,46,4.1,8.4,54,Medium,7,23,55.0,Pass
15,Female,Canada,29,4.0,8.4,69,High,9,17,40.0,Fail
15,Male,Pakistan,17,5.8,5.3,65,High,1,98,47.0,Fail
19,Male,Germany,10,8.6,4.2,90,High,10,13,21.0,Fail
20,Male,France,48,5.1,4.3,86,Low,4,14,62.0,Pass
17,Female,Canada,13,7.2,8.3,89,Low,3,11,49.0,Fail
23,Female,France,49,5.1,4.0,58,High,5,28,60.0,Pass
19,Female,Australia,40,5.6,2.9,54,Low,7,42,53.0,Pass
22,Male,Canada,47,8.2,1.8,91,High,8,96,76.0,Pass
15,Male,Germany,24,7.6,5.2,51,Low,2,99,43.0,Fail
19,Female,Australia,22,4.5,5.3,58,High,7,61,44.0,Fail
17,Female,Germany,47,6.1,8.6,92,Medium,1,64,87.0,Pass
15,Male,India,25,4.1,3.0,85,High,7,31,36.0,Fail
18,Male,Pakistan,8,6.4,4.4,71,High,8,81,41.0,Fail
19,Male,Germany,37,7.3,8.3,71,Low,2,73,65.0,Pass
21,Male,Germany,31,4.6,8.4,71,Low,9,10,44.0,Fail
15,Female,India,11,5.4,4.5,83,Low,1,8,46.0,Fail
17,Male,USA,10,6.0,5.1,78,Low,6,21,29.0,Fail
16,Female,India,19,8.6,3.7,87,Low,1,77,51.0,Pass
23,Female,Australia,22,9.0,9.4,95,Low,3,59,75.0,Pass
24,Female,India,36,4.2,2.1,82,Medium,6,50,56.0,Pass
20,Male,India,15,7.8,9.4,67,High,3,69,30.0,Fail
24,Male,Pakistan,24,5.9,7.2,56,High,8,70,35.0,Fail
17,Male,India,28,6.0,5.8,50,High,5,30,52.0,Pass
22,Male,France,19,7.8,1.3,82,Medium,2,95,29.0,Fail
22,Female,Germany,11,8.6,5.3,50,High,4,17,3.0,Fail
16,Male,France,25,8.8,4.7,73,Medium,9,75,33.0,Fail
20,Male,Pakistan,46,6.9,2.5,53,Medium,4,20,49.0,Fail
21,Female,UK,30,5.8,6.9,53,Medium,10,48,33.0,Fail
16,Male,USA,48,7.9,9.7,67,High,10,73,68.0,Pass
24,Female,France,18,5.3,6.1,76,Medium,8,2,23.0,Fail
16,Female,Pakistan,41,6.8,7.4,92,High,5,37,55.0,Pass
24,Female,Australia,25,5.8,1.6,81,High,10,1,40.0,Fail
15,Female,UK,22,7.3,4.8,82,Low,1,4,58.0,Pass
22,Female,Pakistan,9,5.2,2.0,77,Low,7,100,6.0,Fail
15,Female,Pakistan,7,5.0,6.5,91,Medium,3,54,39.0,Fail
23,Female,USA,27,8.6,9.4,90,Medium,10,25,53.0,Pass
20,Female,Germany,30,4.5,7.0,85,High,8,3,59.0,Pass
21,Male,France,41,6.5,1.7,55,Medium,3,9,73.0,Pass
24,Male,Australia,28,5.1,4.2,65,Medium,1,86,74.0,Pass
21,Male,Canada,23,4.2,6.0,83,High,5,87,41.0,Fail
24,Male,France,29,4.2,4.6,72,Medium,2,76,54.0,Pass
17,Female,Canada,25,4.9,8.5,99,Medium,4,74,50.0,Pass
16,Male,Pakistan,16,8.3,8.3,91,High,1,34,45.0,Fail
23,Female,India,45,5.4,6.5,73,High,9,43,78.0,Pass
22,Male,Australia,37,8.8,4.4,98,Low,6,74,51.0,Pass
24,Male,UK,8,6.9,3.3,62,High,8,94,8.0,Fail
21,Male,India,46,6.2,2.0,67,Low,4,22,83.0,Pass
23,Female,India,11,6.9,4.2,62,Medium,9,70,29.0,Fail
18,Male,France,26,6.6,4.7,98,High,2,2,54.0,Pass
18,Female,Australia,37,7.8,7.1,86,High,9,94,65.0,Pass
15,Female,Germany,21,5.4,6.9,92,High,5,66,49.0,Fail
22,Male,Pakistan,28,5.8,1.6,88,Medium,6,32,66.0,Pass
17,Male,Pakistan,38,8.5,4.6,91,Low,3,16,69.0,Pass
21,Male,Pakistan,32,8.7,2.6,66,Medium,4,76,62.0,Pass
16,Female,Pakistan,47,8.5,2.4,64,Medium,6,1,93.0,Pass
16,Male,France,45,6.1,8.4,67,High,7,72,70.0,Pass
21,Female,Canada,43,7.9,1.4,72,Low,1,48,72.0,Pass
20,Female,Pakistan,26,6.4,4.8,79,Medium,7,50,52.0,Pass
17,Male,Canada,21,6.5,2.5,83,High,1,13,45.0,Fail
23,Male,Canada,38,5.0,8.9,53,Medium,5,15,78.0,Pass
24,Female,Germany,10,7.0,6.0,52,Medium,6,53,20.0,Fail
20,Female,Pakistan,10,4.9,3.1,56,High,2,44,23.0,Fail
24,Female,USA,38,5.7,5.5,67,High,10,8,42.0,Fail
24,Male,UK,5,8.3,7.6,91,Low,9,74,31.0,Fail
20,Female,India,14,5.0,9.6,56,Medium,10,46,27.0,Fail
15,Male,Canada,25,4.4,3.0,89,High,6,69,43.0,Fail
18,Female,Australia,9,4.3,9.0,55,High,7,19,23.0,Fail
24,Female,Australia,6,8.7,9.4,71,Low,10,38,0.0,Fail
20,Male,UK,26,6.5,9.2,50,Low,8,11,36.0,Fail
20,Female,Australia,6,6.0,6.7,53,High,10,43,13.0,Fail
19,Male,USA,14,8.1,6.7,95,Low,1,20,61.0,Pass
15,Male,Australia,38,8.2,4.6,98,High,8,20,55.0,Pass
22,Female,India,20,5.7,7.8,99,Medium,4,21,35.0,Fail
19,Male,India,43,7.5,5.8,92,Low,10,82,55.0,Pass
19,Male,Canada,26,7.9,7.1,78,Medium,8,57,29.0,Fail
21,Female,Pakistan,16,7.3,4.9,70,Medium,6,50,45.0,Fail
18,Male,Germany,28,4.8,7.6,75,Medium,9,74,58.0,Pass
20,Male,USA,44,8.4,8.4,63,High,4,98,69.0,Pass
18,Male,Canada,42,6.7,2.3,58,Medium,2,26,77.0,Pass
17,Female,USA,14,5.4,8.5,96,Medium,2,30,44.0,Fail
21,Male,Pakistan,39,6.1,5.9,61,Medium,5,73,57.0,Pass
22,Female,France,36,4.2,8.6,91,High,10,31,52.0,Pass
18,Female,Australia,11,4.6,4.9,55,Medium,9,42,13.0,Fail
16,Male,Australia,25,7.8,4.4,69,Medium,3,68,31.0,Fail
24,Male,Germany,24,4.0,9.2,73,Low,8,61,41.0,Fail
17,Male,Pakistan,30,6.1,3.3,76,High,4,61,52.0,Pass
15,Female,Canada,8,6.6,8.6,87,Medium,6,70,34.0,Fail
22,Male,Germany,26,4.3,5.4,57,Low,10,78,34.0,Fail
17,Male,Pakistan,19,8.9,5.6,50,High,6,68,27.0,Fail
24,Male,UK,44,5.1,3.8,98,High,3,90,69.0,Pass
21,Male,India,25,5.5,6.2,98,High,5,17,53.0,Pass
24,Male,Germany,19,5.5,3.9,73,High,3,19,48.0,Fail
19,Female,Germany,26,5.2,1.4,96,High,1,51,47.0,Fail
24,Female,Canada,32,4.0,3.4,56,High,7,70,46.0,Fail
19,Male,USA,18,7.6,1.1,68,Medium,4,63,38.0,Fail
21,Male,UK,31,8.8,9.8,71,Medium,7,93,41.0,Fail
23,Male,Canada,45,5.1,9.7,84,Medium,3,75,69.0,Pass
19,Male,Pakistan,44,7.3,4.6,79,Medium,5,80,71.0,Pass
15,Female,Pakistan,32,7.7,7.6,78,Low,5,30,43.0,Fail
24,Male,Pakistan,30,8.2,4.1,71,Medium,2,25,58.0,Pass
24,Female,France,6,6.1,7.0,60,High,10,75,1.0,Fail
15,Female,Pakistan,29,5.5,8.2,69,Medium,2,71,63.0,Pass
16,Male,USA,7,5.6,9.5,78,Medium,4,26,49.0,Fail
20,Female,UK,12,7.6,4.6,90,High,4,56,27.0,Fail
23,Female,Australia,48,8.1,8.0,91,Medium,4,22,84.0,Pass
22,Female,India,37,4.9,3.4,83,Medium,6,89,53.0,Pass
19,Female,USA,46,5.9,9.9,50,Medium,2,19,78.0,Pass
15,Male,USA,39,8.5,1.2,80,Low,6,31,49.0,Fail
21,Male,France,10,8.0,6.4,79,Medium,7,26,30.0,Fail
19,Female,Australia,43,8.9,6.9,97,High,10,42,57.0,Pass
20,Male,Australia,27,7.8,7.2,67,High,3,41,46.0,Fail
21,Male,India,29,6.0,2.1,66,Medium,8,100,32.0,Fail
17,Male,India,47,7.0,9.4,87,Medium,2,23,88.0,Pass
24,Male,Australia,23,7.3,2.6,63,Medium,8,47,26.0,Fail
17,Male,Pakistan,9,4.4,6.6,72,High,5,13,30.0,Fail
19,Female,USA,15,6.7,3.0,74,High,2,89,34.0,Fail
20,Male,Canada,16,7.5,3.8,64,Low,7,66,27.0,Fail
23,Male,India,14,4.8,5.9,95,Low,2,66,44.0,Fail
19,Male,France,12,7.9,4.8,71,Low,6,16,19.0,Fail
15,Male,France,28,6.9,2.4,52,High,10,73,36.0,Fail
18,Female,India,32,8.8,2.5,68,Low,3,28,70.0,Pass
19,Female,Australia,45,4.2,4.8,93,Medium,9,77,61.0,Pass
24,Female,UK,40,5.3,7.8,83,Medium,3,35,80.0,Pass
24,Female,Canada,41,7.0,9.1,84,High,3,41,85.0,Pass
19,Male,Canada,25,5.5,1.8,99,Low,5,77,44.0,Fail
21,Female,India,12,7.6,4.5,50,Medium,7,31,4.0,Fail
18,Male,Pakistan,13,7.8,1.9,70,High,8,85,28.0,Fail
15,Male,UK,19,4.5,1.1,78,Low,7,32,30.0,Fail
19,Male,Canada,44,6.6,7.0,55,Medium,9,54,74.0,Pass
21,Male,India,22,6.5,6.4,86,Low,5,98,45.0,Fail
24,Male,France,46,5.8,2.5,50,High,10,72,47.0,Fail
24,Female,Canada,24,8.7,3.1,50,Low,3,59,28.0,Fail
20,Female,Germany,10,8.1,1.2,76,High,6,41,37.0,Fail
19,Female,UK,16,7.5,8.5,70,Low,5,66,27.0,Fail
18,Female,UK,6,7.6,9.8,65,Medium,4,96,21.0,Fail
16,Male,Germany,11,6.3,2.2,93,High,2,54,48.0,Fail
18,Female,USA,20,8.6,3.1,89,High,7,40,35.0,Fail
24,Male,France,7,7.5,8.8,75,High,5,28,23.0,Fail
24,Female,Germany,49,7.6,9.3,65,Low,4,37,72.0,Pass
17,Male,Australia,7,8.3,4.8,77,Low,8,65,26.0,Fail
24,Male,Australia,31,5.4,1.5,50,Medium,9,74,45.0,Fail
15,Female,India,47,8.0,1.4,85,High,9,55,66.0,Pass
22,Male,UK,44,5.0,6.2,59,High,3,4,67.0,Pass
19,Male,USA,42,5.7,4.5,92,Low,3,99,70.0,Pass
18,Female,USA,37,5.7,1.3,66,Low,5,10,42.0,Fail
22,Male,Canada,32,8.9,6.2,72,Medium,5,47,55.0,Pass
21,Female,Canada,5,8.3,1.1,56,Medium,10,75,27.0,Fail
16,Female,Germany,12,7.5,8.1,93,Low,2,14,30.0,Fail
15,Female,USA,41,7.6,3.8,56,High,1,38,57.0,Pass
18,Male,Germany,36,6.8,1.4,93,Medium,8,12,50.0,Pass
22,Male,France,47,8.7,6.3,64,Low,3,45,78.0,Pass
16,Male,Germany,41,6.5,4.6,83,Low,1,17,77.0,Pass
17,Female,Canada,8,5.9,9.8,95,High,1,80,35.0,Fail
15,Male,UK,34,4.8,5.9,94,Low,2,35,57.0,Pass
15,Female,Germany,10,7.9,3.5,53,Low,6,66,20.0,Fail
17,Female,Pakistan,23,7.7,7.4,63,Medium,6,75,22.0,Fail
19,Male,UK,36,5.9,3.4,63,Low,3,41,59.0,Pass
17,Female,USA,13,4.1,9.1,65,Low,4,67,38.0,Fail
15,Male,USA,16,8.2,4.4,56,Medium,2,29,20.0,Fail
15,Male,Germany,15,4.1,5.9,81,High,2,18,24.0,Fail
22,Male,UK,20,7.5,1.5,68,High,7,20,50.0,Pass
24,Male,Canada,5,8.9,4.8,51,Medium,1,14,14.0,Fail
16,Male,Canada,49,6.2,8.5,59,Medium,7,34,77.0,Pass
17,Female,Australia,25,5.2,8.3,99,High,1,49,57.0,Pass
16,Female,USA,34,7.5,3.0,66,High,6,54,50.0,Pass
17,Female,India,17,8.1,3.0,86,High,3,31,46.0,Fail
21,Male,Australia,38,6.7,8.4,61,High,8,58,43.0,Fail
15,Male,Canada,8,8.8,9.4,55,High,6,42,18.0,Fail
24,Male,UK,32,4.3,1.9,71,Medium,2,58,53.0,Pass
22,Female,France,42,6.5,5.1,81,Low,8,82,49.0,Fail
24,Male,Canada,35,7.6,4.0,90,High,5,30,65.0,Pass
24,Female,UK,31,8.3,8.8,69,High,8,25,43.0,Fail
24,Female,Australia,9,4.9,1.8,50,Low,8,63,12.0,Fail
16,Male,USA,29,8.0,2.9,96,Low,6,19,42.0,Fail
17,Male,Canada,7,6.8,7.8,55,Low,2,72,38.0,Fail
23,Female,Germany,37,6.0,1.5,68,Low,8,92,62.0,Pass
21,Male,UK,8,4.7,5.4,67,Low,6,8,30.0,Fail
18,Female,USA,29,8.3,5.0,55,Low,6,95,39.0,Fail
24,Male,France,24,4.8,4.0,94,Medium,8,3,28.0,Fail
19,Male,France,38,5.5,4.6,82,Low,1,67,88.0,Pass
16,Female,India,30,5.5,5.8,72,Low,2,86,54.0,Pass
22,Male,UK,9,8.4,2.5,72,Medium,9,81,11.0,Fail
18,Female,Australia,39,7.4,6.1,75,Low,8,100,61.0,Pass
23,Male,India,32,8.0,8.2,62,High,7,17,58.0,Pass
19,Female,India,33,5.3,7.8,56,High,7,14,46.0,Fail
23,Female,Pakistan,13,7.1,2.4,64,Low,5,9,40.0,Fail
18,Male,Canada,42,6.9,2.3,93,Medium,2,62,86.0,Pass
24,Female,UK,10,8.2,3.4,76,High,6,94,15.0,Fail
19,Male,India,23,8.5,4.2,75,Medium,10,21,28.0,Fail
23,Male,Pakistan,48,4.1,4.7,82,High,3,76,87.0,Pass
22,Male,Australia,15,7.4,7.1,64,Low,4,37,4.0,Fail
17,Female,USA,6,4.3,1.5,85,Medium,10,96,16.0,Fail
15,Female,Germany,48,6.7,1.3,94,Medium,2,11,68.0,Pass
17,Male,Germany,48,5.4,4.5,76,Medium,2,20,73.0,Pass
18,Male,UK,13,5.5,7.3,54,High,8,35,17.0,Fail
16,Female,India,25,5.8,2.7,51,High,8,53,30.0,Fail
15,Male,Germany,28,7.1,6.8,82,High,10,47,38.0,Fail
21,Male,Canada,38,5.7,3.3,65,Low,6,75,45.0,Fail
22,Female,Germany,26,7.7,9.0,72,High,5,52,68.0,Pass
21,Male,Germany,7,6.0,9.1,87,Low,8,8,41.0,Fail
19,Female,Germany,16,4.3,3.7,65,Medium,4,4,21.0,Fail
15,Male,France,32,7.9,3.1,63,Medium,4,27,67.0,Pass
21,Female,Pakistan,34,5.4,4.7,78,Low,5,44,53.0,Pass
21,Male,India,30,6.2,3.2,75,High,1,40,58.0,Pass
23,Male,Canada,25,7.4,7.1,84,Low,1,47,53.0,Pass
17,Female,India,32,5.7,8.4,64,Medium,2,94,48.0,Fail
23,Male,France,30,4.3,7.1,52,Medium,8,44,49.0,Fail
15,Female,UK,37,5.9,8.4,72,Low,7,48,57.0,Pass
15,Male,UK,25,8.7,4.6,78,High,10,91,34.0,Fail
18,Female,UK,39,7.2,2.4,83,High,9,85,45.0,Fail
23,Female,Australia,38,7.4,7.6,82,Low,5,52,54.0,Pass
20,Female,Germany,45,7.2,4.2,90,Low,2,84,62.0,Pass
17,Female,Australia,22,5.0,7.0,90,High,7,68,43.0,Fail
15,Male,Pakistan,15,6.1,3.4,72,Medium,8,11,16.0,Fail
18,Male,UK,27,7.8,1.7,56,Low,7,77,36.0,Fail
23,Female,France,26,4.5,9.9,52,High,7,73,50.0,Pass
17,Female,Canada,21,5.4,2.4,81,High,5,4,54.0,Pass
23,Female,India,9,5.4,9.9,80,Medium,2,76,31.0,Fail
21,Male,Germany,48,6.2,9.8,67,Medium,6,73,68.0,Pass
18,Male,USA,15,8.9,8.1,92,Medium,4,77,58.0,Pass
17,Male,Canada,34,4.3,6.9,56,Medium,10,48,48.0,Fail
24,Male,Germany,19,6.6,6.2,90,Medium,2,26,44.0,Fail
19,Female,Australia,31,4.9,8.8,50,Low,9,77,24.0,Fail
19,Female,Australia,39,8.9,3.6,63,High,7,39,59.0,Pass
17,Female,Canada,37,4.6,5.2,81,Low,6,92,68.0,Pass
23,Male,Australia,24,6.0,6.6,55,Low,5,58,31.0,Fail
18,Male,UK,20,7.7,4.7,88,Low,3,19,49.0,Fail
19,Male,Pakistan,38,7.5,4.8,59,Low,10,88,45.0,Fail
18,Female,India,6,6.1,4.0,56,Low,10,83,7.0,Fail
19,Female,Pakistan,39,5.7,6.1,75,Medium,4,77,38.0,Fail
21,Male,Germany,44,6.0,8.7,83,Medium,3,77,71.0,Pass
23,Female,India,32,5.3,2.8,79,High,8,58,60.0,Pass
21,Male,France,43,5.0,9.4,85,Low,3,28,66.0,Pass
19,Male,India,10,6.4,7.2,70,High,7,66,23.0,Fail
24,Female,Pakistan,13,5.3,8.4,66,Medium,7,10,17.0,Fail
24,Male,Canada,24,5.4,6.0,82,Medium,7,86,47.0,Fail
21,Female,India,5,7.3,8.0,59,Medium,7,77,11.0,Fail
24,Male,France,12,8.8,1.1,96,Low,2,58,31.0,Fail
19,Female,France,27,7.0,8.4,91,Low,10,73,58.0,Pass
17,Female,France,7,4.4,1.4,61,Medium,3,97,31.0,Fail
21,Female,Pakistan,8,4.4,9.0,65,High,10,14,8.0,Fail
16,Male,India,29,8.8,9.9,90,High,9,84,53.0,Pass
23,Male,USA,42,5.5,3.6,81,Medium,3,15,76.0,Pass
24,Female,Canada,19,4.5,2.9,64,High,2,96,45.0,Fail
24,Female,UK,25,7.0,7.9,76,Medium,9,33,22.0,Fail
15,Male,India,39,7.1,3.3,77,High,10,17,65.0,Pass
20,Male,France,18,7.2,8.8,66,Medium,9,24,22.0,Fail
21,Male,USA,40,5.3,1.9,95,High,4,30,67.0,Pass
22,Female,UK,16,4.1,2.1,99,Low,9,62,62.0,Pass
24,Male,UK,21,8.8,9.8,51,Medium,3,13,39.0,Fail
23,Male,Germany,43,5.3,7.1,85,Medium,7,62,63.0,Pass
16,Female,India,13,7.4,8.6,99,High,7,47,13.0,Fail
24,Male,Pakistan,39,7.5,3.9,56,Medium,8,16,65.0,Pass
16,Male,India,17,7.1,7.1,62,Medium,10,66,11.0,Fail
19,Male,USA,19,5.6,6.3,64,Medium,4,81,26.0,Fail
19,Female,UK,22,5.4,6.4,74,Low,3,96,41.0,Fail
20,Female,India,37,7.0,7.1,72,Low,3,43,76.0,Pass
17,Female,Pakistan,10,8.3,6.2,71,High,5,8,34.0,Fail
22,Female,Germany,31,8.7,4.9,75,Low,1,3,57.0,Pass
15,Female,India,27,4.5,3.5,82,High,10,12,45.0,Fail
20,Female,Canada,31,4.8,7.9,60,Low,3,84,45.0,Fail
18,Female,Germany,38,8.7,3.0,59,High,6,16,56.0,Pass
15,Male,Pakistan,42,7.7,7.2,74,Low,3,78,69.0,Pass
21,Male,USA,18,8.4,3.1,86,Low,5,80,50.0,Pass
23,Female,UK,40,5.0,6.6,97,High,9,59,73.0,Pass
18,Male,India,12,6.9,7.7,92,Medium,2,49,44.0,Fail
18,Male,Pakistan,39,7.5,3.0,87,Medium,2,63,66.0,Pass
20,Female,Germany,23,7.4,1.5,90,Low,6,62,53.0,Pass
17,Male,Canada,34,6.0,2.2,94,High,6,49,59.0,Pass
20,Male,Pakistan,18,4.1,6.5,73,Medium,8,51,21.0,Fail
21,Male,Australia,24,6.9,8.6,89,High,2,33,48.0,Fail
24,Male,France,29,5.3,1.4,95,Medium,9,30,51.0,Pass
24,Male,Canada,44,6.3,7.6,82,High,2,59,84.0,Pass
17,Female,Germany,28,8.8,4.1,66,Low,1,76,50.0,Pass
21,Female,USA,18,6.0,5.3,73,High,10,15,16.0,Fail
17,Female,UK,30,8.2,9.4,86,Medium,2,82,59.0,Pass
16,Male,Germany,42,4.9,4.0,51,Low,7,92,56.0,Pass
24,Female,France,27,7.4,5.2,81,High,8,23,47.0,Fail
18,Male,USA,26,8.9,1.1,73,Medium,5,78,55.0,Pass
22,Male,India,23,4.5,1.7,58,Low,6,94,46.0,Fail
23,Male,Pakistan,7,4.0,3.3,53,High,1,97,17.0,Fail
21,Male,Australia,46,6.2,1.3,66,Medium,6,45,60.0,Pass
15,Female,Canada,23,4.5,6.7,66,High,8,62,25.0,Fail
17,Female,Canada,13,7.7,4.8,99,High,3,79,48.0,Fail
23,Male,Pakistan,32,8.6,5.9,97,Low,1,71,80.0,Pass
15,Female,Australia,24,6.2,2.6,79,Low,4,15,43.0,Fail
23,Male,Pakistan,49,5.3,3.7,89,Medium,1,46,82.0,Pass
22,Female,India,11,6.2,7.0,60,Low,8,64,34.0,Fail
15,Female,France,18,7.6,9.7,70,Medium,5,46,40.0,Fail
20,Male,USA,13,4.0,1.5,70,High,1,56,39.0,Fail
19,Female,Germany,23,6.9,9.0,67,High,8,44,24.0,Fail
20,Male,Canada,18,7.1,6.2,78,Medium,9,75,38.0,Fail
24,Female,India,42,7.2,6.1,73,High,10,29,48.0,Fail
19,Male,USA,40,5.2,5.5,59,Low,2,95,51.0,Pass
20,Male,India,44,7.6,1.6,94,High,9,62,64.0,Pass
19,Female,Australia,21,4.5,1.8,66,Low,8,89,27.0,Fail
19,Female,Canada,34,5.0,6.4,67,Medium,7,52,48.0,Fail
18,Male,Germany,13,8.4,4.1,91,Medium,3,54,24.0,Fail
17,Female,Pakistan,37,7.7,9.3,97,High,2,88,80.0,Pass
17,Female,Pakistan,29,4.1,4.7,69,High,7,57,56.0,Pass
18,Male,USA,18,5.2,2.3,86,Low,5,83,20.0,Fail
23,Male,Germany,15,5.1,7.4,94,Low,6,66,47.0,Fail
16,Female,France,39,5.4,3.6,67,High,4,22,53.0,Pass
23,Male,UK,45,5.2,5.7,66,High,2,20,79.0,Pass
15,Male,Australia,18,4.3,7.3,58,Medium,9,33,25.0,Fail
15,Male,USA,34,6.3,9.1,63,Medium,3,72,55.0,Pass
19,Female,UK,45,7.7,8.1,98,Medium,7,25,71.0,Pass
20,Female,India,8,7.0,7.1,78,High,8,46,33.0,Fail
20,Male,Australia,8,7.4,7.1,80,High,2,73,18.0,Fail
17,Female,India,32,4.4,9.5,53,High,6,98,51.0,Pass
21,Male,France,12,8.8,3.7,67,Medium,8,57,34.0,Fail
23,Female,Germany,6,8.2,1.0,69,High,7,87,25.0,Fail
24,Male,Canada,45,8.0,3.4,96,Low,3,5,100.0,Pass
22,Male,Australia,26,8.1,3.0,92,High,1,55,52.0,Pass
20,Female,UK,45,8.7,7.0,93,High,6,61,82.0,Pass
22,Male,France,20,6.7,6.7,58,High,8,89,28.0,Fail
19,Female,Canada,33,5.0,6.3,62,High,6,8,62.0,Pass
22,Female,Pakistan,34,7.1,1.1,64,High,5,16,52.0,Pass
24,Male,UK,16,7.7,7.6,76,Low,8,48,26.0,Fail
18,Male,USA,39,7.7,3.9,64,Low,2,61,76.0,Pass
24,Female,Pakistan,15,6.6,7.0,77,High,1,15,35.0,Fail
22,Male,France,25,4.3,6.0,86,Medium,1,65,40.0,Fail
24,Male,Pakistan,25,5.9,4.1,68,High,4,22,39.0,Fail
16,Male,USA,9,8.6,2.2,75,High,6,3,30.0,Fail
19,Male,Australia,24,6.9,1.8,75,High,9,54,52.0,Pass
23,Male,Pakistan,41,6.7,8.5,74,Medium,1,14,71.0,Pass
18,Female,Germany,7,5.3,9.3,75,Medium,1,36,43.0,Fail
20,Female,UK,48,5.8,6.8,75,Medium,5,82,59.0,Pass
15,Male,Canada,37,8.5,1.9,95,Low,10,82,53.0,Pass
23,Male,Pakistan,13,7.3,4.6,77,Medium,5,67,28.0,Fail
15,Male,UK,13,7.9,7.6,98,Low,5,10,36.0,Fail
19,Female,India,8,6.3,8.0,67,Low,10,49,16.0,Fail
18,Male,UK,39,7.2,2.1,81,Medium,6,65,69.0,Pass
17,Female,Canada,21,5.2,1.0,52,Medium,8,91,24.0,Fail
20,Female,UK,38,7.5,7.4,51,Medium,3,57,58.0,Pass
16,Female,USA,28,6.1,4.2,82,Low,9,27,44.0,Fail
17,Male,France,36,6.2,3.3,91,High,1,75,60.0,Pass
19,Female,Canada,5,7.2,1.1,68,Medium,4,5,19.0,Fail
23,Male,France,12,8.7,5.9,66,Medium,9,71,19.0,Fail
16,Female,Australia,49,4.3,8.7,93,Medium,8,83,73.0,Pass
24,Male,France,27,8.1,9.6,82,Low,10,57,42.0,Fail
22,Female,India,44,5.5,6.1,61,Low,9,93,58.0,Pass
16,Male,USA,16,6.2,5.6,98,High,1,15,43.0,Fail
19,Female,Australia,16,4.1,1.8,52,Medium,9,99,34.0,Fail
21,Male,UK,19,5.5,5.9,92,Low,3,76,34.0,Fail
22,Male,Canada,45,6.5,4.4,98,High,10,30,61.0,Pass
15,Male,India,23,4.3,6.5,75,Medium,9,20,64.0,Pass
20,Male,USA,30,6.5,4.5,84,Low,1,37,49.0,Fail
15,Female,Australia,33,8.6,3.2,57,Medium,1,3,42.0,Fail
16,Female,Australia,26,4.5,1.9,85,Medium,9,73,51.0,Pass
15,Male,India,44,7.8,3.8,56,Low,6,41,40.0,Fail
19,Female,Germany,25,6.0,1.9,95,Low,4,39,50.0,Pass
24,Male,UK,42,7.3,2.6,95,Low,7,26,90.0,Pass
23,Male,India,24,5.3,9.9,85,Medium,5,2,31.0,Fail
20,Female,Australia,33,4.8,5.0,65,Medium,10,23,24.0,Fail
15,Male,Pakistan,8,4.8,5.8,73,High,7,23,6.0,Fail
15,Male,USA,11,4.4,8.9,50,Medium,8,85,25.0,Fail
16,Female,India,32,4.9,10.0,98,Low,8,16,67.0,Pass
23,Male,Germany,32,7.3,6.2,74,Medium,1,9,54.0,Pass
17,Male,Australia,8,8.4,8.3,59,High,8,13,22.0,Fail
15,Male,UK,26,8.1,3.9,65,High,6,28,56.0,Pass
19,Male,France,16,7.4,3.8,65,Low,4,27,51.0,Pass
21,Female,Australia,49,4.6,4.6,57,Low,8,51,61.0,Pass
20,Female,UK,7,5.4,7.1,78,High,3,64,4.0,Fail
15,Female,India,26,5.5,7.1,88,High,4,52,43.0,Fail
19,Male,UK,48,5.2,3.8,77,High,6,81,67.0,Pass
19,Male,Canada,6,6.6,2.2,55,Low,7,38,11.0,Fail
20,Female,Canada,28,6.7,6.7,65,High,4,100,45.0,Fail
17,Male,Canada,38,5.8,2.2,69,High,4,65,71.0,Pass
19,Male,Germany,31,5.8,6.2,65,Low,7,18,59.0,Pass
21,Male,Germany,45,8.1,7.2,56,Medium,6,63,60.0,Pass
19,Male,Pakistan,5,7.9,7.3,90,Medium,8,51,32.0,Fail
19,Female,Germany,12,5.5,7.8,63,High,1,9,35.0,Fail
19,Female,France,27,8.6,8.9,92,Medium,10,13,46.0,Fail
24,Female,India,42,8.8,5.5,75,Medium,7,40,71.0,Pass
24,Male,Australia,10,5.6,7.6,75,Medium,7,55,25.0,Fail
17,Female,Australia,26,5.8,6.6,63,Medium,7,79,60.0,Pass
15,Female,Pakistan,29,6.5,2.7,56,High,7,43,27.0,Fail
19,Male,Germany,22,8.7,1.2,82,Medium,10,44,31.0,Fail
23,Male,France,21,8.4,3.6,75,Medium,10,68,31.0,Fail
15,Female,UK,16,4.5,5.0,94,Low,8,33,40.0,Fail
17,Female,Pakistan,10,6.0,6.6,69,High,9,24,32.0,Fail
18,Female,France,30,6.8,8.6,52,Low,9,36,38.0,Fail
15,Female,UK,31,6.5,2.8,53,Low,2,10,36.0,Fail
15,Male,France,12,5.0,2.1,75,High,7,100,35.0,Fail
22,Female,UK,23,8.3,9.7,60,Medium,7,20,43.0,Fail
16,Female,USA,46,7.4,2.0,51,Low,4,75,45.0,Fail
22,Male,France,5,8.2,5.3,63,High,9,12,11.0,Fail
21,Female,Australia,33,8.3,6.3,93,Medium,8,62,40.0,Fail
24,Male,Canada,49,7.7,5.9,79,High,1,18,74.0,Pass
24,Male,Germany,39,6.2,1.8,98,Low,2,94,64.0,Pass
16,Male,UK,44,7.1,1.5,61,Medium,2,63,76.0,Pass
20,Female,USA,18,4.8,1.9,75,Medium,8,84,33.0,Fail
20,Female,France,39,7.4,6.3,93,High,1,25,60.0,Pass
17,Male,Australia,49,4.9,5.9,82,Medium,4,12,86.0,Pass
16,Female,Canada,24,7.5,3.1,62,Low,10,21,18.0,Fail
15,Female,UK,17,5.1,6.7,63,Low,5,25,35.0,Fail
20,Male,France,42,4.6,8.4,73,Low,9,11,51.0,Pass
19,Male,France,12,4.8,1.4,83,High,7,64,25.0,Fail
23,Female,UK,47,4.0,5.5,93,Medium,8,73,77.0,Pass
15,Male,Pakistan,24,7.6,7.2,75,Medium,9,50,43.0,Fail
21,Female,Pakistan,37,7.7,3.3,70,Medium,7,62,68.0,Pass
19,Female,Australia,30,6.6,3.8,77,Low,5,89,51.0,Pass
19,Female,Canada,43,4.8,6.5,97,Medium,5,99,76.0,Pass
16,Female,UK,25,4.4,9.1,85,Low,10,96,36.0,Fail
17,Male,Australia,46,4.1,8.3,89,Medium,6,49,75.0,Pass
21,Male,Australia,47,4.8,6.2,51,Low,5,14,69.0,Pass
20,Male,India,45,8.5,7.6,91,Medium,9,1,67.0,Pass
16,Male,France,13,5.2,4.3,58,High,3,81,10.0,Fail
20,Female,Germany,28,5.8,6.8,72,High,3,25,54.0,Pass
16,Female,France,41,4.5,5.2,64,Low,7,59,62.0,Pass
16,Male,Pakistan,45,5.1,2.7,62,Low,7,72,55.0,Pass
16,Female,Canada,21,6.6,7.3,72,Medium,6,69,25.0,Fail
17,Female,France,28,7.0,6.0,66,Medium,3,5,64.0,Pass
16,Female,UK,25,5.2,4.2,97,High,7,99,54.0,Pass
18,Male,Australia,43,4.3,9.2,51,Medium,5,19,57.0,Pass
23,Male,UK,45,6.0,1.2,69,Low,7,23,53.0,Pass
20,Male,India,43,5.2,3.8,69,Low,2,9,61.0,Pass
15,Female,Canada,17,5.1,1.5,95,Low,6,94,53.0,Pass
22,Male,Australia,15,8.8,7.9,52,Low,8,50,23.0,Fail
21,Male,UK,23,7.1,7.3,61,Low,1,16,39.0,Fail
24,Male,Pakistan,15,6.8,4.0,89,High,4,33,44.0,Fail
17,Male,Germany,17,6.1,7.1,51,High,1,2,26.0,Fail
15,Male,India,49,6.1,4.6,85,Low,1,14,98.0,Pass
19,Male,Canada,5,6.7,7.8,63,Medium,10,1,23.0,Fail
18,Female,India,44,7.5,5.1,65,Low,8,90,56.0,Pass
24,Female,Pakistan,48,7.5,4.7,68,High,7,58,61.0,Pass
22,Male,Canada,23,4.9,9.4,83,Low,10,89,11.0,Fail
15,Male,India,16,6.5,3.3,93,High,1,16,31.0,Fail
24,Female,USA,12,6.1,2.1,95,High,2,79,27.0,Fail
15,Female,Pakistan,12,8.4,6.3,55,Low,4,90,26.0,Fail
18,Male,Pakistan,49,7.2,9.7,62,Low,1,47,73.0,Pass
22,Male,Pakistan,16,6.7,4.4,85,Medium,3,44,27.0,Fail
19,Male,USA,37,4.6,1.6,71,High,8,80,51.0,Pass
16,Male,USA,49,7.0,4.1,67,Medium,8,14,72.0,Pass
20,Female,UK,30,4.6,5.6,61,Low,8,93,48.0,Fail
19,Male,Australia,43,5.7,2.5,79,High,6,24,47.0,Fail
16,Male,Germany,32,4.7,6.9,89,Medium,6,55,55.0,Pass
17,Male,India,9,7.5,10.0,56,Medium,5,15,6.0,Fail
23,Male,UK,12,5.0,5.1,81,Medium,9,83,34.0,Fail
21,Female,India,29,6.0,4.2,97,Low,4,72,66.0,Pass
21,Female,Germany,31,8.5,4.6,68,Low,10,34,34.0,Fail
20,Female,Australia,27,5.0,2.0,55,Low,7,2,31.0,Fail
22,Male,USA,34,6.5,8.9,69,High,1,27,55.0,Pass
18,Male,Australia,49,6.1,4.7,76,Low,9,74,46.0,Fail
22,Female,USA,27,4.1,4.5,92,High,7,99,53.0,Pass
18,Male,Germany,24,8.0,6.9,86,Medium,10,87,37.0,Fail
22,Male,Australia,22,4.3,5.0,97,Medium,9,72,52.0,Pass
23,Female,UK,22,6.4,6.8,56,Low,7,92,22.0,Fail
17,Female,Canada,6,6.8,1.6,54,Medium,2,23,14.0,Fail
17,Female,UK,8,7.1,8.3,60,Low,6,68,4.0,Fail
16,Female,India,34,7.4,9.5,64,High,10,14,35.0,Fail
24,Male,UK,37,5.3,6.8,52,Medium,4,63,42.0,Fail
17,Male,Germany,40,4.0,9.6,54,Low,3,93,70.0,Pass
17,Female,Pakistan,22,7.6,2.4,72,Medium,2,65,38.0,Fail
19,Male,India,41,6.7,5.3,86,Medium,6,68,67.0,Pass
19,Female,Australia,23,8.2,6.4,58,Low,8,63,29.0,Fail
16,Female,India,32,8.1,6.2,64,Medium,6,96,36.0,Fail
24,Male,Canada,44,8.2,4.6,52,Medium,9,97,53.0,Pass
20,Female,USA,24,6.4,4.0,78,Medium,5,90,51.0,Pass
19,Male,Australia,37,5.7,2.1,55,Medium,2,81,46.0,Fail
20,Male,France,16,8.0,4.5,66,High,8,87,35.0,Fail
15,Male,India,19,6.3,2.5,75,Medium,9,64,23.0,Fail
19,Male,Australia,45,4.9,7.6,70,Medium,10,32,55.0,Pass
23,Female,Australia,43,8.3,2.9,57,Low,4,79,68.0,Pass
24,Male,Australia,6,8.4,1.5,70,High,6,13,13.0,Fail
16,Female,USA,33,6.3,6.0,60,Low,10,66,43.0,Fail
15,Female,France,45,4.4,6.4,87,Low,8,19,65.0,Pass
24,Female,Germany,14,5.9,8.8,57,Low,9,24,22.0,Fail
23,Female,UK,6,8.0,6.2,91,High,5,88,3.0,Fail
24,Male,Australia,15,8.5,4.1,73,Low,6,11,13.0,Fail
23,Male,Pakistan,17,5.0,8.2,84,Low,4,59,46.0,Fail
23,Female,Germany,14,4.3,5.9,63,Low,5,86,39.0,Fail
20,Female,Canada,18,8.4,1.7,63,Medium,7,15,21.0,Fail
22,Male,USA,22,5.9,6.1,59,Low,9,10,28.0,Fail
15,Female,India,13,6.7,9.2,61,High,10,41,22.0,Fail
24,Male,USA,43,8.8,4.6,87,High,6,27,76.0,Pass
18,Female,India,32,4.3,3.7,93,Medium,6,60,37.0,Fail
15,Male,USA,7,7.2,2.3,95,High,8,73,16.0,Fail
22,Female,India,24,4.4,2.4,83,High,4,52,44.0,Fail
15,Female,Australia,10,5.9,4.9,90,Medium,3,28,42.0,Fail
17,Male,UK,31,8.0,6.4,59,Low,7,65,69.0,Pass
18,Female,India,6,6.2,1.7,66,Medium,5,17,17.0,Fail
22,Female,France,33,9.0,9.5,66,Low,2,95,42.0,Fail
20,Male,India,42,6.8,7.8,52,Low,2,44,67.0,Pass
24,Female,Pakistan,7,5.6,6.3,80,High,6,10,37.0,Fail
21,Male,India,20,5.1,8.5,50,Medium,8,63,28.0,Fail
22,Male,Pakistan,34,5.8,1.7,61,High,1,93,49.0,Fail
16,Female,Canada,44,5.9,5.3,88,High,6,82,80.0,Pass
24,Female,Australia,6,4.3,6.7,53,Low,2,47,27.0,Fail
22,Female,Pakistan,21,5.8,8.5,91,High,2,38,39.0,Fail
17,Female,UK,45,6.3,8.1,62,Medium,7,70,66.0,Pass
21,Female,Germany,16,7.6,3.5,83,High,10,76,39.0,Fail
17,Female,Australia,39,7.3,9.5,91,High,1,53,84.0,Pass
21,Female,Pakistan,47,7.5,2.1,70,Low,6,78,68.0,Pass
16,Male,Australia,5,4.0,8.9,71,Medium,7,44,13.0,Fail
24,Female,France,49,5.1,9.7,53,High,8,74,75.0,Pass
20,Male,Australia,19,7.3,2.6,67,Low,7,54,20.0,Fail
17,Female,Australia,30,6.4,7.5,54,High,6,20,48.0,Fail
17,Female,Canada,41,4.0,1.4,68,Medium,9,79,42.0,Fail
23,Male,UK,25,8.0,4.6,51,High,3,31,51.0,Pass
21,Female,USA,35,7.9,5.6,61,High,6,7,49.0,Fail
19,Female,USA,29,6.7,6.2,66,Low,4,58,61.0,Pass
24,Male,Pakistan,27,4.3,9.4,59,High,2,10,52.0,Pass
21,Female,Australia,28,7.8,7.1,83,Low,1,10,45.0,Fail
23,Female,Pakistan,42,6.9,5.3,55,Medium,1,39,80.0,Pass
15,Female,Canada,32,7.9,8.3,57,High,10,28,56.0,Pass
21,Male,Canada,25,7.8,9.6,60,Medium,3,30,52.0,Pass
20,Female,India,47,8.0,1.2,61,Medium,4,37,61.0,Pass
24,Female,France,22,6.6,9.8,58,High,2,67,38.0,Fail
23,Female,Canada,40,4.7,1.8,51,Low,1,43,63.0,Pass
15,Female,India,39,7.4,8.3,57,Medium,4,79,51.0,Pass
18,Male,UK,49,7.1,3.5,60,Medium,7,85,83.0,Pass
23,Male,Pakistan,13,7.7,2.2,85,High,10,52,28.0,Fail
18,Female,Germany,42,4.8,5.0,59,High,6,56,32.0,Fail
24,Female,UK,34,5.0,6.8,70,High,6,76,56.0,Pass
17,Male,Canada,48,8.5,4.4,69,High,9,68,61.0,Pass
23,Male,UK,38,7.7,1.5,97,High,2,9,71.0,Pass
16,Female,UK,36,8.5,6.4,57,High,4,92,51.0,Pass
18,Male,France,7,7.8,9.1,85,Low,5,23,34.0,Fail
20,Female,France,7,7.0,4.4,78,Medium,1,63,41.0,Fail
16,Male,France,32,7.3,2.9,91,Low,8,61,57.0,Pass
22,Male,UK,48,8.4,5.0,61,Low,8,40,61.0,Pass
22,Male,Canada,19,6.9,1.4,63,High,6,44,32.0,Fail
15,Male,Germany,45,7.2,8.4,97,Medium,5,86,76.0,Pass
17,Female,Australia,27,4.8,8.4,99,Low,8,24,42.0,Fail
24,Male,UK,44,6.4,6.3,70,High,3,51,75.0,Pass
23,Male,India,15,7.6,4.2,71,High,3,58,39.0,Fail
19,Female,Canada,36,5.4,8.2,70,Medium,2,90,77.0,Pass
20,Male,UK,40,5.0,6.0,93,Low,5,94,81.0,Pass
18,Male,Germany,37,5.6,8.4,99,Low,3,33,63.0,Pass
24,Female,Australia,28,5.2,6.7,79,Low,3,16,61.0,Pass
16,Male,France,43,5.1,8.1,88,High,6,22,59.0,Pass
22,Female,Canada,38,6.1,6.4,69,Medium,8,57,61.0,Pass
20,Female,USA,32,8.5,4.7,73,Medium,2,62,52.0,Pass
19,Female,Australia,41,6.5,9.6,72,Low,4,82,55.0,Pass
23,Female,India,11,4.9,5.9,56,High,7,71,22.0,Fail
15,Male,UK,8,4.4,6.4,58,Low,1,90,0.0,Fail
19,Female,Germany,41,7.5,3.0,50,Medium,1,72,45.0,Fail
20,Male,USA,5,5.9,6.6,75,High,10,70,12.0,Fail
19,Male,Germany,5,8.1,6.1,87,Low,7,30,22.0,Fail
20,Male,USA,24,7.3,2.7,87,Low,7,23,41.0,Fail
20,Male,Canada,23,8.0,1.5,93,High,1,32,38.0,Fail
21,Male,USA,33,5.4,6.4,71,Medium,1,86,51.0,Pass
18,Male,India,14,7.5,7.9,93,High,4,57,43.0,Fail
22,Male,India,22,5.3,5.7,59,Low,5,9,42.0,Fail
21,Male,Pakistan,32,8.7,3.0,55,Low,5,31,47.0,Fail
23,Male,India,39,7.2,7.0,66,Low,4,71,72.0,Pass
21,Male,Australia,47,5.6,1.7,99,Low,8,9,78.0,Pass
17,Female,USA,35,5.3,5.0,87,Medium,7,13,50.0,Pass
17,Female,India,31,5.0,2.5,73,Medium,9,58,43.0,Fail
22,Female,Canada,15,7.5,2.7,59,Low,7,3,11.0,Fail
19,Male,Germany,42,5.1,2.8,57,Medium,10,35,51.0,Pass
18,Female,France,9,7.0,4.5,70,Medium,1,97,41.0,Fail
22,Female,Germany,12,5.3,1.5,55,Medium,7,21,27.0,Fail
20,Female,Pakistan,38,7.3,4.6,70,Low,1,64,79.0,Pass
16,Male,Germany,16,8.1,5.6,88,High,7,95,32.0,Fail
18,Male,USA,42,7.9,5.3,73,High,10,52,71.0,Pass
18,Male,Pakistan,5,7.8,4.4,82,High,8,34,17.0,Fail
20,Male,USA,35,4.9,8.6,67,Low,9,96,63.0,Pass
20,Female,Canada,8,4.4,2.3,77,Medium,3,35,28.0,Fail
15,Female,Pakistan,49,7.5,5.6,81,Medium,4,15,84.0,Pass
22,Female,UK,9,5.8,1.6,61,Low,4,96,38.0,Fail
20,Female,Australia,34,6.2,1.6,97,Low,9,6,54.0,Pass
17,Male,Australia,28,4.2,6.2,91,High,7,85,53.0,Pass
23,Male,USA,7,5.3,6.1,76,High,3,97,40.0,Fail
16,Male,Germany,15,4.2,8.9,59,Low,10,32,19.0,Fail
22,Female,France,49,8.4,6.0,95,High,5,52,67.0,Pass
24,Male,France,8,5.2,9.6,91,Medium,7,83,48.0,Fail
17,Male,UK,30,6.8,1.4,81,Low,8,97,44.0,Fail
19,Female,Pakistan,31,4.2,1.9,91,Low,1,28,65.0,Pass
20,Female,UK,47,7.3,1.4,75,Medium,2,95,87.0,Pass
24,Male,UK,31,5.6,2.7,74,Medium,7,85,43.0,Fail
20,Male,Germany,46,8.5,5.9,60,Medium,2,98,60.0,Pass
18,Male,France,10,8.4,6.8,72,High,7,64,26.0,Fail
17,Male,Pakistan,19,5.6,1.4,83,Low,9,79,16.0,Fail
18,Male,Canada,34,8.5,9.5,89,High,2,78,62.0,Pass
15,Male,Germany,46,9.0,8.6,72,Medium,7,19,69.0,Pass
18,Female,UK,41,8.1,3.7,78,High,4,15,64.0,Pass
15,Female,UK,41,8.2,1.7,80,Medium,2,6,55.0,Pass
15,Female,Canada,46,5.2,2.5,56,High,7,73,77.0,Pass
24,Male,UK,41,6.9,2.1,89,High,5,84,69.0,Pass
20,Female,UK,39,4.3,2.1,82,Medium,1,98,84.0,Pass
19,Male,UK,27,4.5,5.7,70,High,5,38,43.0,Fail
18,Male,Australia,10,9.0,3.2,51,Low,3,26,14.0,Fail
17,Female,Germany,8,5.6,4.2,67,High,7,82,22.0,Fail
15,Male,India,22,7.7,9.9,96,High,6,92,44.0,Fail
20,Male,Germany,13,8.0,7.2,82,Low,8,51,16.0,Fail
16,Female,Canada,33,8.3,9.5,86,Medium,5,73,73.0,Pass
22,Female,UK,17,9.0,2.3,83,Low,2,96,36.0,Fail
24,Female,Germany,21,5.2,4.4,69,High,9,53,14.0,Fail
19,Male,Australia,49,4.2,6.0,84,Medium,8,56,85.0,Pass
21,Female,France,36,6.1,1.7,99,High,6,59,59.0,Pass
24,Female,Canada,26,4.7,1.0,67,High,10,70,30.0,Fail
16,Male,USA,8,4.1,7.0,95,Low,7,78,10.0,Fail
22,Female,Germany,9,5.8,6.8,73,Low,9,92,37.0,Fail
16,Female,USA,41,7.9,4.7,57,Medium,7,58,43.0,Fail
18,Female,UK,45,6.8,5.4,79,Medium,3,88,74.0,Pass
15,Male,Australia,17,5.6,4.7,93,Medium,6,13,48.0,Fail
19,Male,Australia,38,7.3,1.2,59,High,7,43,57.0,Pass
23,Male,Germany,49,5.2,4.0,72,Low,2,76,77.0,Pass
15,Male,Canada,26,4.1,2.6,98,Low,3,51,39.0,Fail
23,Female,Canada,27,7.8,1.9,60,Low,4,19,36.0,Fail
22,Male,Australia,7,7.1,9.6,51,Medium,10,21,11.0,Fail
20,Male,Canada,46,7.8,6.4,75,Low,6,91,61.0,Pass
21,Female,Australia,38,4.2,7.6,85,Low,1,83,72.0,Pass
17,Female,Germany,36,8.2,3.8,82,Low,9,24,61.0,Pass
15,Female,India,49,7.1,4.5,96,Medium,5,26,90.0,Pass
19,Male,Australia,25,6.8,3.1,62,Low,7,45,26.0,Fail
16,Male,USA,48,7.1,1.9,89,Medium,9,28,93.0,Pass
19,Male,Canada,25,8.3,2.6,74,Low,9,82,46.0,Fail
22,Female,Australia,48,6.9,8.2,53,Low,1,100,72.0,Pass
23,Female,Australia,15,6.9,7.1,91,Low,1,29,55.0,Pass
16,Male,Germany,43,9.0,5.9,68,Medium,3,17,91.0,Pass
17,Female,Canada,8,7.8,5.3,67,Medium,6,68,6.0,Fail
17,Female,India,5,6.2,9.3,86,Low,2,44,27.0,Fail
15,Female,Germany,32,7.5,1.7,79,High,10,61,23.0,Fail
22,Male,India,28,5.9,3.5,68,Medium,1,93,54.0,Pass
20,Female,France,39,5.1,4.1,72,Medium,1,68,71.0,Pass
22,Female,Germany,17,7.0,8.0,65,Low,5,74,32.0,Fail
23,Male,Canada,38,8.6,9.9,50,High,4,25,48.0,Fail
19,Male,Pakistan,15,8.6,3.2,61,Low,1,95,14.0,Fail
17,Female,Canada,40,5.7,8.9,73,Medium,4,67,68.0,Pass
19,Female,Canada,21,6.6,8.5,83,Medium,3,2,60.0,Pass
19,Male,India,39,5.1,3.0,57,Low,2,89,55.0,Pass
19,Male,India,22,9.0,4.6,67,Low,9,49,37.0,Fail
17,Female,Canada,44,8.9,4.7,97,High,1,70,65.0,Pass
24,Female,Canada,26,7.2,9.8,54,High,7,26,41.0,Fail
18,Female,Canada,28,8.0,2.6,75,Medium,4,72,46.0,Fail
23,Female,India,23,7.6,8.2,79,High,5,99,36.0,Fail
24,Male,Canada,41,7.0,4.0,62,High,10,27,45.0,Fail
23,Female,Canada,43,4.3,7.6,68,Medium,5,89,61.0,Pass
16,Female,France,25,6.3,4.8,78,Medium,1,18,56.0,Pass
22,Male,UK,12,7.4,6.2,52,Medium,6,54,8.0,Fail
22,Female,Pakistan,32,7.4,8.5,75,Medium,9,1,43.0,Fail
21,Male,USA,9,5.9,8.2,89,Low,2,61,34.0,Fail
22,Female,Pakistan,21,8.7,8.8,61,Medium,7,3,22.0,Fail
17,Female,UK,41,4.8,1.5,51,Medium,6,68,73.0,Pass
20,Male,USA,40,6.5,7.2,60,Medium,5,41,50.0,Pass
15,Male,Germany,23,7.5,2.3,93,High,4,37,43.0,Fail
21,Female,Canada,31,7.5,4.7,77,Medium,4,51,45.0,Fail
15,Female,UK,38,7.2,5.9,67,Low,6,15,75.0,Pass
23,Female,France,15,5.4,4.6,62,Low,4,8,36.0,Fail
15,Male,Germany,49,4.8,5.7,86,Medium,5,38,68.0,Pass
15,Female,Canada,16,7.2,10.0,71,Low,6,83,43.0,Fail
21,Male,India,25,7.0,2.2,61,High,5,56,43.0,Fail
16,Male,Australia,15,4.9,7.1,51,Medium,7,47,25.0,Fail
19,Female,UK,43,7.5,4.6,86,Low,9,90,60.0,Pass
22,Male,India,32,6.3,2.2,56,Low,10,10,33.0,Fail
22,Female,UK,9,7.3,2.4,75,Medium,7,78,26.0,Fail
17,Female,France,21,8.2,9.5,75,Low,7,49,32.0,Fail
21,Female,UK,24,4.8,8.9,73,Medium,4,41,63.0,Pass
17,Female,India,45,4.1,9.2,61,Low,1,83,58.0,Pass
20,Female,France,16,7.9,9.9,65,High,8,30,42.0,Fail
20,Male,USA,10,7.0,2.9,72,Low,4,5,26.0,Fail
17,Male,Pakistan,21,7.5,4.2,89,Low,1,95,53.0,Pass
21,Female,Canada,23,8.2,7.0,58,Medium,5,71,46.0,Fail
17,Female,UK,30,8.0,5.4,81,Low,8,83,42.0,Fail
22,Male,Canada,48,8.8,4.8,64,Medium,4,31,79.0,Pass
24,Male,Australia,48,6.7,4.2,86,High,8,52,44.0,Fail
18,Male,India,36,6.4,6.3,62,Medium,8,88,43.0,Fail
15,Male,Canada,10,6.0,6.2,54,Medium,3,98,14.0,Fail
18,Female,India,40,4.8,2.5,60,Low,9,23,40.0,Fail
21,Female,Canada,42,6.9,5.2,59,High,3,48,61.0,Pass
18,Male,Pakistan,15,5.4,6.0,62,Medium,1,40,39.0,Fail
20,Female,Pakistan,37,8.6,6.1,90,Low,2,6,75.0,Pass
23,Male,France,28,6.9,2.9,95,Low,6,38,56.0,Pass
15,Female,Pakistan,27,7.0,7.7,99,Medium,10,41,40.0,Fail
19,Male,France,19,5.8,1.2,64,Low,2,100,43.0,Fail
21,Female,Pakistan,31,4.3,4.2,91,Medium,6,27,57.0,Pass
15,Male,Pakistan,15,4.2,8.0,56,Medium,1,75,43.0,Fail
18,Male,Pakistan,21,6.1,6.1,89,Medium,1,69,58.0,Pass
20,Female,India,18,4.4,3.4,77,High,5,57,38.0,Fail
16,Male,UK,31,7.0,7.3,81,Medium,10,17,38.0,Fail
24,Female,France,22,8.4,6.1,84,Low,9,71,32.0,Fail
19,Female,Canada,32,8.4,8.2,64,High,8,91,40.0,Fail
24,Male,Pakistan,8,7.3,7.6,97,Low,3,47,31.0,Fail
15,Female,India,11,5.1,6.5,85,High,3,79,37.0,Fail
20,Female,India,49,8.3,5.4,70,High,1,13,85.0,Pass
20,Female,India,39,8.4,2.2,55,High,3,11,58.0,Pass
18,Female,France,13,5.0,3.4,50,High,1,90,29.0,Fail
22,Female,UK,12,7.7,4.8,53,Low,8,86,20.0,Fail
18,Male,France,49,5.4,6.4,60,Medium,1,92,70.0,Pass
22,Female,Canada,21,8.0,5.6,93,Low,5,24,36.0,Fail
22,Female,UK,21,9.0,3.6,75,Medium,9,93,17.0,Fail
19,Female,USA,37,4.2,1.1,86,Low,7,73,53.0,Pass
18,Female,Germany,36,8.5,5.5,72,High,4,4,64.0,Pass
16,Female,India,12,7.1,3.6,78,High,9,46,17.0,Fail
17,Male,France,23,8.9,7.6,70,Medium,9,18,33.0,Fail
17,Female,USA,42,6.3,1.2,97,Medium,2,43,81.0,Pass
18,Male,Australia,7,8.2,6.3,94,Low,10,80,27.0,Fail
18,Male,France,9,4.3,9.5,94,Medium,10,33,13.0,Fail
24,Male,Pakistan,17,5.7,2.6,98,Low,6,93,51.0,Pass
19,Male,Germany,35,4.3,5.2,76,Medium,4,10,70.0,Pass
18,Female,Pakistan,20,8.9,1.8,88,Medium,8,73,27.0,Fail
24,Male,UK,36,8.1,6.6,89,Medium,7,59,51.0,Pass
22,Male,Germany,26,8.3,6.0,62,High,7,31,51.0,Pass
20,Female,France,33,8.7,4.7,72,High,10,28,45.0,Fail
20,Female,Canada,26,4.4,5.7,65,Low,9,60,15.0,Fail
22,Female,USA,47,5.9,9.1,79,Medium,5,3,59.0,Pass
21,Male,Canada,7,4.4,2.8,53,Low,6,55,13.0,Fail
24,Female,France,14,5.1,1.2,89,Medium,1,14,30.0,Fail
24,Female,UK,46,5.1,8.8,65,High,6,58,62.0,Pass
22,Male,Pakistan,25,6.3,6.2,80,High,2,89,51.0,Pass
16,Female,Germany,20,5.3,9.0,91,Medium,6,15,57.0,Pass
23,Female,Canada,16,4.5,6.4,74,Medium,9,2,25.0,Fail
