Student_ID,Age,Gender,Attendance_Percentage,Assignments_Completed,Class_Participation,Midterm_Grade,Final_Grade,Study_Hours_per_Week,Projects_Submitted,Teaching_Clarity,Teaching_Helpfulness,Feedback_Timeliness,Student_Performance,Teaching_Effectiveness
S0001,24,Female,75.95,2,7.94,52.36,33.88,9,1,4.02,2.99,1.65,Good,High
S0002,21,Female,73.96,3,8.84,28.23,40.51,2,5,3.56,2.22,2.67,Average,Moderate
S0003,22,Male,51.28,6,3.45,29.81,23.9,19,3,1.48,4.71,4.33,Good,Moderate
S0004,24,Female,67.06,2,4.62,27.78,62.89,9,0,2.93,3.35,4.95,Good,Moderate
S0005,20,Female,69.01,8,4.15,77.15,64.04,17,0,3.74,2.63,2.27,Poor,High
S0006,25,Male,69.94,7,0.13,65.19,85.05,13,5,4.12,3.6,3.13,Good,High
S0007,22,Other,79.01,3,2.96,83.24,74.09,17,0,1.08,4.07,3.05,Good,Moderate
S0008,22,Female,76.68,0,4.59,97.55,54.26,7,1,4.56,4.84,4.82,Good,Moderate
S0009,24,Other,80.4,0,4.11,47.42,65.36,9,0,3.28,3.0,2.91,Average,Low
S0010,19,Female,88.24,0,7.22,6.67,27.4,12,4,4.25,1.45,3.8,Good,Moderate
S0011,20,Female,90.65,0,3.85,4.81,59.31,7,4,4.23,2.76,4.69,Average,Moderate
S0012,24,Male,85.91,7,4.89,29.57,48.92,3,0,1.76,2.92,2.49,Excellent,High
S0013,20,Other,97.78,2,4.3,93.25,13.33,3,5,1.44,4.59,4.61,Good,High
S0014,20,Female,50.91,5,7.41,52.32,24.25,4,4,3.89,2.58,4.67,Good,Moderate
S0015,25,Male,59.79,2,8.63,27.18,29.17,0,3,1.63,4.81,4.72,Average,Low
S0016,22,Male,50.38,10,5.32,39.92,92.43,16,4,4.4,2.94,2.08,Average,Moderate
S0017,21,Male,82.37,4,7.89,59.86,23.04,1,0,3.9,4.9,2.6,Average,Moderate
S0018,25,Female,94.9,6,2.97,65.29,28.92,7,5,4.37,1.03,4.48,Average,Low
S0019,25,Other,62.17,1,5.41,15.39,36.94,6,2,2.2,4.6,2.44,Good,Low
S0020,20,Male,96.35,5,3.45,97.7,66.37,14,5,2.27,4.72,3.4,Average,High
S0021,23,Female,53.01,5,4.14,54.48,11.82,4,5,3.68,4.84,1.47,Good,High
S0022,22,Male,96.72,10,7.32,13.57,95.39,1,5,1.13,1.05,1.23,Average,Moderate
S0023,19,Other,67.58,2,8.82,89.36,86.56,6,3,3.91,1.69,2.65,Good,Moderate
S0024,25,Female,55.07,5,1.21,7.46,57.72,7,1,4.34,3.62,3.32,Excellent,Low
S0025,21,Female,74.29,9,6.35,90.77,67.4,6,0,2.66,1.1,2.57,Good,High
S0026,23,Female,62.84,9,5.82,99.66,1.67,6,1,4.06,1.25,3.31,Good,High
S0027,23,Male,64.24,4,1.18,70.04,33.89,13,2,1.7,1.88,3.06,Good,Low
S0028,19,Male,65.36,1,2.12,77.04,79.57,17,1,2.29,3.05,3.74,Average,Moderate
S0029,25,Male,90.15,8,3.11,33.73,7.75,5,0,4.9,3.18,3.6,Excellent,Low
S0030,21,Female,76.96,7,1.67,94.16,28.23,3,0,4.95,1.14,2.7,Good,Moderate
S0031,22,Female,65.57,2,2.44,52.97,58.53,9,2,3.05,1.68,2.7,Average,Moderate
S0032,18,Other,80.52,7,2.68,73.24,25.64,17,0,4.74,3.0,1.56,Good,High
S0033,21,Other,85.81,8,3.36,92.41,93.4,11,2,3.09,3.38,3.05,Average,High
S0034,19,Female,63.63,2,7.49,97.52,13.11,15,2,2.17,1.59,3.35,Good,Moderate
S0035,23,Female,70.68,2,5.72,83.32,79.74,6,0,2.07,2.6,2.91,Poor,Moderate
S0036,22,Other,56.09,1,9.86,30.3,50.79,5,4,4.72,4.62,2.3,Good,High
S0037,21,Female,59.06,7,4.15,96.65,75.03,4,2,1.69,5.0,3.89,Excellent,Low
S0038,18,Male,84.06,9,7.54,62.81,31.07,2,0,3.32,4.95,1.3,Good,High
S0039,18,Female,59.07,0,8.71,93.06,51.45,11,4,3.22,4.53,4.66,Excellent,Moderate
S0040,20,Male,76.26,7,6.79,67.61,85.68,14,2,3.96,2.58,1.08,Poor,High
S0041,20,Other,85.45,6,4.12,30.72,46.69,9,4,3.0,3.75,4.85,Excellent,Low
S0042,24,Female,55.34,6,7.54,37.0,35.97,19,3,2.09,2.67,2.85,Good,High
S0043,19,Male,78.37,2,2.04,55.05,53.62,18,5,1.68,3.59,2.65,Good,Moderate
S0044,25,Female,62.83,0,3.28,79.0,71.74,15,3,3.48,2.24,2.03,Average,High
S0045,21,Female,98.15,3,5.47,31.8,44.36,10,4,3.88,3.42,1.04,Good,Moderate
S0046,21,Male,74.18,8,5.75,57.97,93.89,7,2,3.28,3.1,2.1,Poor,Moderate
S0047,25,Male,90.3,4,0.22,34.56,29.49,2,0,3.95,1.1,1.44,Excellent,High
S0048,24,Female,77.51,0,9.45,81.58,47.55,6,1,1.57,4.16,3.64,Excellent,High
S0049,23,Female,52.17,4,6.97,46.67,75.69,6,0,4.53,1.05,2.28,Good,Low
S0050,23,Female,81.66,7,4.96,7.67,68.91,13,1,3.33,2.17,4.07,Average,Low
S0051,24,Female,97.57,7,9.33,16.61,86.36,1,1,1.51,1.02,1.83,Average,High
S0052,23,Female,80.08,4,4.39,6.11,99.68,9,2,2.85,2.5,4.6,Excellent,High
S0053,20,Female,90.96,8,9.8,49.93,42.69,18,4,4.38,1.25,3.09,Excellent,High
S0054,21,Female,94.21,0,5.12,10.63,11.12,8,0,4.59,4.65,1.46,Average,High
S0055,24,Female,61.4,3,1.14,11.41,3.04,15,4,2.06,2.66,2.6,Excellent,Low
S0056,21,Male,60.6,2,7.65,94.1,72.69,18,3,3.85,2.84,1.83,Excellent,Moderate
S0057,25,Male,80.55,1,6.79,87.27,87.4,17,2,1.4,2.4,1.8,Excellent,Moderate
S0058,18,Male,70.55,7,7.73,45.21,22.07,8,2,1.13,3.51,3.03,Excellent,Low
S0059,20,Female,91.99,6,9.51,98.58,15.84,15,3,3.24,4.14,3.69,Good,Moderate
S0060,22,Female,95.0,8,7.76,0.02,6.22,12,0,3.78,3.59,4.65,Excellent,Moderate
S0061,20,Female,67.67,1,6.11,61.4,82.27,9,5,4.18,3.99,3.01,Good,Moderate
S0062,24,Male,61.84,3,8.57,61.64,31.14,19,3,2.36,4.62,4.86,Average,Moderate
S0063,22,Male,89.03,5,6.73,45.74,40.17,13,0,1.03,4.45,4.77,Good,Moderate
S0064,18,Male,63.74,10,4.08,39.69,50.28,11,1,2.92,3.7,4.46,Average,High
S0065,24,Male,91.13,2,8.86,45.54,83.95,18,2,1.06,1.86,3.0,Excellent,High
S0066,19,Female,71.19,7,2.22,41.5,65.08,6,0,1.37,3.55,1.56,Average,High
S0067,21,Male,83.38,2,7.15,73.05,61.51,14,4,2.31,3.02,1.87,Good,High
S0068,18,Male,54.78,1,8.82,13.54,17.57,15,4,2.75,3.87,3.59,Average,Moderate
S0069,21,Other,81.19,2,7.31,19.76,51.32,7,2,2.12,4.33,2.69,Excellent,Moderate
S0070,23,Male,72.59,10,6.97,18.05,71.54,9,3,3.33,3.97,1.59,Average,Moderate
S0071,19,Female,79.33,5,7.53,26.25,97.33,3,5,1.22,4.39,2.92,Good,High
S0072,19,Female,58.4,1,4.65,52.53,20.14,18,3,1.58,1.26,1.07,Good,Moderate
S0073,18,Male,86.84,7,8.74,11.12,0.95,18,0,3.78,1.13,3.94,Poor,High
S0074,19,Female,93.14,0,2.03,86.82,7.53,14,3,1.57,2.03,1.29,Good,Moderate
S0075,22,Female,60.84,6,1.27,29.74,37.59,13,2,3.56,4.6,3.52,Good,Moderate
S0076,19,Other,54.79,1,2.86,16.25,82.05,0,0,1.22,4.29,4.17,Poor,High
S0077,21,Male,51.18,9,5.32,67.56,0.71,15,1,2.63,3.73,1.53,Good,Moderate
S0078,21,Other,82.1,5,5.11,3.81,45.67,9,3,1.71,3.8,3.07,Excellent,Moderate
S0079,24,Female,80.35,1,8.21,62.0,32.92,18,3,1.44,3.91,4.12,Poor,High
S0080,21,Male,77.33,1,4.05,69.82,5.25,2,5,3.27,4.77,2.04,Good,High
S0081,24,Female,61.6,9,4.84,21.49,45.02,4,0,4.71,4.33,1.65,Average,Low
S0082,21,Other,69.55,7,0.13,4.2,25.47,8,4,1.22,3.49,2.35,Excellent,High
S0083,22,Female,79.72,1,4.1,36.36,35.19,17,3,2.69,3.66,3.22,Average,Low
S0084,25,Male,74.84,6,6.48,9.86,70.56,10,2,3.83,1.85,3.3,Good,Moderate
S0085,24,Female,99.39,2,0.16,11.65,52.16,15,3,2.85,3.63,1.52,Poor,High
S0086,20,Male,56.82,7,2.81,25.43,12.46,1,5,4.23,2.7,2.83,Good,High
S0087,23,Male,84.76,6,2.08,29.55,96.14,11,1,1.72,1.61,2.07,Excellent,Moderate
S0088,18,Male,70.22,7,0.42,53.0,63.59,5,5,4.84,4.23,4.37,Average,Moderate
S0089,21,Male,71.41,6,4.79,67.84,76.59,10,3,2.54,3.04,2.25,Excellent,Moderate
S0090,19,Male,85.88,10,1.82,59.28,7.92,7,4,2.37,4.91,4.35,Average,Low
S0091,25,Male,84.62,5,7.43,14.84,4.71,11,3,4.5,2.13,2.71,Average,Low
S0092,21,Female,99.56,6,8.48,17.21,1.94,1,0,3.26,2.92,3.91,Good,High
S0093,19,Male,56.42,4,5.46,87.88,18.88,8,3,3.07,2.79,3.04,Average,Low
S0094,23,Male,55.21,6,9.82,55.84,41.44,14,4,3.91,1.48,3.49,Excellent,Low
S0095,23,Female,86.22,0,4.5,86.99,93.58,1,0,3.32,2.7,2.58,Good,Low
S0096,23,Female,78.92,0,5.13,37.15,45.71,0,2,1.65,2.15,4.07,Good,Moderate
S0097,19,Female,63.71,8,9.89,61.44,29.03,9,0,3.7,1.64,2.7,Average,Moderate
S0098,21,Male,53.97,4,2.32,52.37,56.19,1,5,1.53,2.13,2.83,Excellent,Moderate
S0099,23,Male,54.28,4,9.43,31.91,11.19,11,1,4.22,1.93,3.07,Average,Moderate
S0100,22,Male,94.71,2,0.43,46.99,60.95,7,5,4.96,3.94,4.33,Excellent,Low
S0101,24,Male,59.59,4,4.46,50.25,56.84,4,0,2.51,1.12,3.64,Average,High
S0102,19,Male,66.17,2,0.7,20.08,79.2,0,2,2.78,3.47,2.4,Excellent,High
S0103,19,Male,61.33,8,7.29,31.5,98.67,14,3,1.19,4.04,3.68,Average,Low
S0104,21,Male,67.75,8,6.08,79.14,25.09,5,0,1.05,2.92,3.57,Excellent,High
S0105,19,Male,53.47,5,7.07,91.58,50.97,11,5,4.69,4.73,4.72,Good,Low
S0106,19,Female,75.95,0,3.74,35.98,90.89,7,0,1.51,3.83,4.37,Good,Moderate
S0107,23,Male,53.38,6,3.69,30.7,78.52,12,0,2.78,3.99,3.59,Average,High
S0108,21,Male,90.02,6,0.45,19.52,48.74,18,0,4.26,1.79,2.37,Good,Moderate
S0109,23,Female,61.69,9,3.5,67.85,94.54,0,2,4.56,4.11,4.12,Average,Moderate
S0110,24,Female,77.0,9,9.29,32.31,5.72,10,4,3.08,4.33,3.3,Good,Moderate
S0111,25,Male,94.0,3,3.79,98.77,93.1,19,4,3.26,2.45,4.94,Average,Low
S0112,24,Female,82.54,7,8.31,32.57,5.05,0,0,3.68,1.85,1.99,Excellent,Low
S0113,25,Female,76.65,5,8.42,39.41,54.73,7,2,4.85,2.54,1.32,Good,Moderate
S0114,23,Male,66.22,3,3.73,60.33,89.04,4,2,3.41,3.96,1.28,Good,High
S0115,24,Female,66.65,3,6.32,80.17,26.27,16,0,3.24,2.67,3.56,Excellent,Low
S0116,21,Other,83.47,1,0.95,46.95,47.22,7,5,1.06,3.95,4.76,Excellent,Moderate
S0117,18,Male,99.71,1,1.04,42.27,32.43,9,5,1.32,1.45,1.01,Poor,High
S0118,23,Male,83.09,3,0.49,99.56,95.21,1,1,3.31,4.22,3.9,Poor,Low
S0119,25,Female,77.89,4,5.81,1.05,82.36,8,0,4.74,2.01,3.63,Average,Low
S0120,22,Female,86.53,7,4.26,89.51,70.9,2,1,4.47,2.0,3.93,Good,Moderate
S0121,25,Male,73.26,5,5.48,14.91,58.76,17,5,4.93,3.36,2.42,Good,Moderate
S0122,22,Male,53.01,3,5.21,78.59,82.06,6,5,3.11,1.28,4.28,Average,Moderate
S0123,19,Male,78.11,10,3.5,61.79,39.23,14,0,4.15,1.11,1.18,Excellent,Moderate
S0124,24,Female,97.88,6,6.77,34.18,44.76,19,1,4.36,2.04,4.02,Poor,Low
S0125,22,Female,58.77,7,7.59,87.39,73.0,17,1,3.59,3.15,2.07,Good,Low
S0126,25,Male,84.5,1,0.15,1.29,35.78,2,0,2.35,4.63,2.91,Poor,Moderate
S0127,19,Female,60.05,6,2.07,22.67,6.39,13,1,2.88,4.39,4.29,Good,Moderate
S0128,18,Female,76.79,1,7.13,56.69,7.43,1,3,4.43,2.96,2.09,Average,Low
S0129,21,Male,54.83,1,3.87,35.15,11.54,13,5,2.19,1.15,1.74,Excellent,High
S0130,21,Male,72.52,7,6.62,61.04,86.97,10,4,4.69,3.14,3.73,Average,High
S0131,21,Female,87.81,1,3.47,2.41,47.22,15,2,1.92,3.82,3.13,Good,Low
S0132,22,Female,67.38,10,3.91,11.65,71.29,7,1,4.0,2.36,3.06,Average,High
S0133,18,Female,83.25,8,1.59,12.71,39.29,6,1,3.52,1.44,2.03,Average,High
S0134,22,Female,89.77,0,2.58,18.93,25.87,10,2,4.0,2.11,1.14,Excellent,High
S0135,24,Male,96.36,8,6.05,45.93,34.72,2,1,2.75,4.09,2.64,Good,Moderate
S0136,22,Male,61.73,0,4.33,75.21,79.42,16,2,4.73,2.4,1.43,Good,High
S0137,18,Female,69.97,9,7.74,90.55,62.52,13,0,3.53,4.25,4.62,Good,Moderate
S0138,18,Male,57.62,9,8.53,83.54,93.76,5,3,2.15,2.28,1.17,Good,Low
S0139,24,Male,99.62,1,5.42,19.69,67.97,7,3,3.55,1.65,2.73,Good,Moderate
S0140,18,Male,96.35,5,7.58,44.12,57.02,4,5,2.15,2.74,1.21,Good,Moderate
S0141,25,Male,77.0,5,3.07,19.94,61.02,7,4,2.17,2.81,1.38,Average,High
S0142,18,Male,92.1,0,4.15,26.45,94.24,1,1,2.6,1.06,3.64,Average,Moderate
S0143,21,Male,76.05,6,7.13,50.35,78.82,14,4,4.41,1.47,3.59,Good,Moderate
S0144,25,Male,81.18,7,3.86,6.81,2.4,11,0,3.0,1.74,1.13,Average,Moderate
S0145,25,Male,54.46,1,5.89,21.82,53.41,16,3,3.72,1.45,1.0,Average,High
S0146,24,Female,87.76,7,1.85,93.54,68.83,0,0,2.57,2.37,1.32,Good,Moderate
S0147,20,Female,56.39,8,6.0,46.61,74.87,14,0,2.05,4.86,4.05,Good,Low
S0148,20,Female,91.3,5,8.62,44.54,21.31,13,1,4.82,3.04,3.34,Good,Moderate
S0149,18,Female,89.1,4,8.69,1.46,86.72,19,0,3.41,3.51,1.15,Average,Moderate
S0150,25,Female,85.44,8,7.24,24.74,95.58,15,3,4.74,2.43,2.95,Average,Moderate
S0151,20,Male,51.81,10,7.46,86.63,23.67,8,4,1.81,2.29,3.85,Excellent,Moderate
S0152,20,Female,65.16,8,5.58,16.46,88.26,0,3,1.59,1.09,4.48,Average,Moderate
S0153,18,Female,63.16,0,5.85,41.51,9.7,16,1,4.42,3.0,4.74,Good,High
S0154,20,Female,68.01,10,1.34,1.43,5.57,12,3,3.72,2.93,2.31,Excellent,Moderate
S0155,22,Male,54.38,2,4.44,47.83,12.92,4,2,1.75,1.63,1.54,Average,Low
S0156,19,Male,96.85,8,4.51,2.1,5.77,9,4,2.08,4.06,1.95,Average,Moderate
S0157,24,Male,77.69,10,9.58,81.96,84.5,5,2,4.2,2.97,4.1,Good,High
S0158,19,Male,65.28,1,4.31,82.49,5.91,18,2,2.82,2.36,4.89,Good,High
S0159,18,Female,69.85,3,5.49,78.77,27.17,12,5,3.68,1.59,2.87,Poor,Moderate
S0160,21,Female,72.36,3,5.33,28.34,10.38,0,1,2.27,3.21,2.22,Good,Low
S0161,24,Male,80.03,1,6.37,83.72,29.54,19,0,2.52,4.01,2.72,Average,Moderate
S0162,18,Other,75.78,2,7.48,54.3,9.06,14,2,4.96,2.13,2.22,Excellent,Moderate
S0163,25,Female,95.97,2,2.25,37.38,66.8,13,3,1.99,1.88,2.03,Excellent,High
S0164,21,Male,74.85,0,5.29,62.53,13.33,7,0,3.03,3.09,3.38,Good,Moderate
S0165,19,Male,99.61,5,8.26,1.23,85.18,9,3,4.38,1.62,1.06,Good,Moderate
S0166,18,Male,92.57,7,4.63,14.3,81.72,8,3,1.96,3.67,2.04,Average,Low
S0167,25,Male,60.43,2,2.78,74.23,1.37,16,0,2.66,3.42,3.65,Good,Moderate
S0168,24,Male,96.53,4,6.55,24.42,89.57,8,0,3.46,1.35,1.13,Good,Moderate
S0169,24,Male,55.82,0,8.24,59.8,2.89,2,3,2.92,1.15,1.33,Good,Moderate
S0170,23,Male,90.87,9,0.63,38.51,23.96,10,1,2.84,3.48,2.17,Good,Moderate
S0171,25,Male,69.03,6,7.77,85.48,3.24,11,4,2.45,2.18,4.51,Poor,Low
S0172,22,Female,93.9,9,8.22,95.24,33.58,9,5,3.35,1.35,4.06,Average,High
S0173,20,Male,93.4,0,4.62,88.36,51.39,16,4,3.5,4.04,1.09,Excellent,Moderate
S0174,21,Female,90.3,10,9.83,27.06,79.66,16,1,3.61,2.26,3.01,Average,Moderate
S0175,25,Male,89.5,8,7.87,19.42,33.8,10,5,1.28,2.84,2.1,Average,Moderate
S0176,23,Other,65.23,7,7.74,47.44,70.55,3,0,3.52,1.95,3.59,Average,High
S0177,20,Male,54.05,6,7.48,0.73,18.75,6,5,4.81,3.51,3.89,Excellent,Moderate
S0178,20,Male,70.15,9,1.51,2.58,75.06,13,3,3.16,2.21,4.45,Good,Moderate
S0179,18,Other,58.68,6,2.17,55.33,23.6,6,4,3.86,4.87,2.9,Excellent,Low
S0180,20,Female,84.75,4,4.64,52.04,14.35,7,5,3.23,3.81,4.98,Average,High
S0181,22,Female,67.3,4,2.64,99.46,18.54,0,3,4.42,1.55,4.92,Average,Low
S0182,24,Male,98.78,10,4.15,20.18,18.21,3,1,4.72,2.67,4.53,Good,High
S0183,23,Male,82.05,4,8.88,25.81,51.29,11,5,1.74,2.54,3.3,Good,High
S0184,20,Female,91.12,0,8.24,11.35,84.48,2,3,2.75,3.14,2.59,Excellent,High
S0185,18,Other,56.63,7,6.3,91.75,7.96,12,1,2.57,4.37,2.46,Excellent,Low
S0186,22,Female,93.1,10,8.58,77.78,70.7,19,0,2.62,3.33,1.05,Poor,High
S0187,19,Female,96.14,0,7.84,82.23,65.43,5,1,1.5,1.25,2.0,Excellent,Moderate
S0188,24,Male,74.35,3,4.29,90.28,87.25,10,1,4.25,3.62,3.88,Excellent,Moderate
S0189,24,Female,80.31,8,2.01,52.49,24.41,3,4,1.14,1.03,3.41,Poor,Low
S0190,23,Male,88.24,8,5.14,45.12,45.01,19,3,3.11,4.12,4.67,Good,Low
S0191,24,Male,58.74,4,7.36,33.04,92.58,15,5,3.65,3.67,1.2,Average,Moderate
S0192,20,Male,75.13,3,4.36,58.92,66.0,6,4,1.83,2.24,1.62,Excellent,Low
S0193,18,Female,69.93,2,6.67,45.43,38.88,10,2,4.62,2.17,4.16,Good,Moderate
S0194,24,Male,57.32,2,0.94,45.16,13.14,0,1,4.35,4.19,2.43,Good,Low
S0195,24,Male,68.38,4,7.48,93.69,26.25,6,2,2.88,4.13,1.47,Average,High
S0196,19,Female,53.41,9,8.13,98.4,58.12,11,4,2.64,2.41,4.99,Excellent,High
S0197,19,Male,51.29,0,7.07,79.65,71.82,6,3,1.95,2.2,4.15,Good,Moderate
S0198,21,Female,56.76,4,9.67,75.68,12.44,6,4,3.92,3.24,2.63,Average,Moderate
S0199,22,Male,98.16,5,8.27,68.06,59.96,9,3,1.53,1.03,4.29,Good,Moderate
S0200,20,Female,77.48,6,9.03,16.61,55.04,15,3,3.72,1.33,3.72,Good,Moderate
S0201,24,Female,98.29,8,9.34,5.91,51.4,7,0,4.37,1.5,4.16,Excellent,Moderate
S0202,25,Male,71.62,2,8.01,69.07,69.01,8,1,1.91,1.74,4.26,Excellent,Moderate
S0203,24,Male,65.59,1,6.74,72.88,83.74,8,4,4.47,3.05,1.34,Average,High
S0204,18,Male,75.31,2,0.06,4.7,32.3,1,3,1.13,4.97,3.49,Average,Low
S0205,21,Male,71.98,8,4.66,92.81,88.9,12,4,4.65,3.61,1.03,Poor,Low
S0206,22,Other,55.28,6,5.71,9.11,16.06,12,4,1.47,1.25,1.17,Average,Low
S0207,25,Male,82.04,8,3.04,28.59,17.3,3,3,3.58,3.1,4.62,Good,Moderate
S0208,21,Female,60.8,1,3.18,67.24,26.68,11,5,2.0,2.99,3.11,Average,Moderate
S0209,23,Male,80.98,4,9.61,16.99,11.95,16,2,4.35,1.58,3.94,Excellent,Low
S0210,22,Female,82.51,3,8.92,5.54,23.03,1,1,3.05,4.68,4.35,Good,Low
S0211,24,Female,57.6,1,8.49,33.11,10.64,12,1,1.54,2.76,4.8,Good,Moderate
S0212,24,Female,53.07,8,4.06,76.6,82.18,17,5,3.28,4.98,4.48,Excellent,Moderate
S0213,22,Female,89.04,8,0.14,41.37,13.9,14,0,2.63,2.68,2.93,Average,Moderate
S0214,24,Male,72.99,5,0.8,65.3,74.73,7,5,3.65,3.43,2.34,Good,Moderate
S0215,20,Male,52.91,10,3.12,57.96,4.79,14,0,4.53,1.42,1.62,Good,High
S0216,22,Other,99.74,5,0.16,2.22,94.85,0,0,2.64,2.82,2.6,Good,Moderate
S0217,21,Female,52.89,7,0.17,98.85,71.12,19,5,2.16,1.96,2.47,Good,Low
S0218,22,Other,84.75,5,9.17,4.14,0.68,9,1,1.06,4.34,3.24,Excellent,Moderate
S0219,25,Male,99.18,0,7.06,96.78,76.39,11,2,3.3,4.14,3.66,Average,Moderate
S0220,24,Female,61.96,3,3.09,54.99,51.41,4,1,2.61,4.3,4.91,Good,Moderate
S0221,20,Other,57.11,6,1.33,96.32,77.94,8,1,2.5,3.89,3.91,Average,Low
S0222,20,Male,56.07,1,5.12,11.48,52.25,7,1,1.73,4.33,3.57,Excellent,Moderate
S0223,23,Male,65.16,8,0.05,49.04,64.1,15,5,2.72,1.8,2.34,Good,Moderate
S0224,21,Female,55.05,7,9.38,16.95,78.63,13,5,4.94,2.81,1.14,Average,Moderate
S0225,19,Female,84.61,7,4.15,5.1,40.51,12,5,2.19,3.77,2.15,Average,Moderate
S0226,19,Female,53.11,6,4.02,61.75,0.27,12,1,3.4,3.55,4.07,Good,Moderate
S0227,22,Male,75.47,3,3.91,20.78,84.99,4,2,4.11,3.87,1.82,Average,Moderate
S0228,23,Female,99.83,1,0.69,58.77,38.09,15,0,4.0,1.9,3.85,Poor,Moderate
S0229,18,Male,90.7,2,6.38,11.24,49.6,10,4,2.32,1.39,3.32,Poor,Moderate
S0230,22,Male,80.76,5,7.33,33.2,0.78,4,0,3.44,4.67,1.69,Average,High
S0231,23,Male,65.31,4,6.76,78.16,49.21,12,0,4.49,3.24,2.05,Average,High
S0232,21,Female,81.19,7,1.38,43.71,98.65,10,4,1.06,1.62,2.99,Good,High
S0233,21,Female,76.35,5,5.79,62.77,27.83,18,1,2.74,4.17,2.67,Average,Low
S0234,21,Female,71.3,5,5.69,64.75,39.54,2,2,1.9,4.66,4.11,Good,High
S0235,21,Male,56.54,0,8.68,84.38,68.72,14,2,2.55,1.68,3.94,Poor,High
S0236,21,Female,94.33,3,3.79,32.49,81.48,6,0,2.66,4.27,3.3,Excellent,High
S0237,23,Male,72.49,4,3.71,68.73,41.74,6,4,3.99,4.73,4.29,Good,Moderate
S0238,23,Female,59.73,10,6.19,96.16,30.97,5,3,1.38,4.75,3.25,Good,High
S0239,20,Male,68.39,2,6.33,73.02,93.78,2,1,3.05,4.66,4.86,Good,Moderate
S0240,25,Male,70.71,8,4.69,48.99,67.71,12,0,3.26,3.19,1.87,Good,High
S0241,19,Female,91.38,0,4.43,63.07,11.9,6,2,2.98,2.42,3.86,Good,Low
S0242,24,Male,86.68,5,4.94,73.97,6.89,4,5,3.93,1.03,2.48,Average,Low
S0243,21,Female,88.47,5,8.61,61.23,48.35,17,5,2.54,1.24,2.12,Average,Low
S0244,18,Female,50.55,9,4.61,1.67,22.01,7,4,4.78,2.72,1.72,Good,Moderate
S0245,24,Male,70.81,4,9.4,19.48,25.4,16,4,2.93,2.6,3.21,Average,Moderate
S0246,23,Female,74.07,4,5.04,81.05,87.77,19,0,3.28,1.74,1.86,Good,Moderate
S0247,18,Male,50.96,9,9.49,27.27,8.96,0,3,4.3,2.58,1.8,Excellent,Moderate
S0248,18,Female,62.99,4,8.33,73.16,71.54,13,2,2.1,1.7,4.96,Average,Moderate
S0249,18,Other,88.01,5,3.62,37.21,27.11,16,0,1.3,4.4,4.21,Average,High
S0250,20,Female,56.86,7,8.64,52.19,76.03,9,3,3.83,2.19,3.99,Good,Moderate
S0251,23,Male,76.77,1,1.1,6.8,72.24,11,4,2.93,3.39,4.18,Good,High
S0252,18,Other,60.76,5,9.25,18.12,0.74,15,5,4.59,3.01,4.88,Good,Moderate
S0253,21,Female,50.61,0,6.32,95.72,50.91,13,1,4.93,1.21,3.29,Good,Moderate
S0254,22,Male,62.06,3,0.54,89.01,13.93,15,5,2.6,4.77,1.88,Excellent,Moderate
S0255,18,Male,98.79,9,6.44,65.23,86.62,7,2,2.66,3.11,4.45,Poor,Low
S0256,20,Female,90.08,2,9.74,45.96,87.16,9,2,2.63,2.3,3.97,Average,Moderate
S0257,24,Female,97.98,8,0.7,67.58,41.83,16,5,2.3,1.63,2.66,Average,Moderate
S0258,23,Female,74.39,2,5.55,61.86,44.44,17,5,4.13,2.35,2.89,Good,Moderate
S0259,25,Female,55.49,5,7.48,56.86,30.33,19,3,4.04,1.08,2.65,Average,High
S0260,20,Female,77.4,0,8.1,5.92,71.66,15,0,2.91,2.45,4.72,Good,Moderate
S0261,18,Male,72.72,5,4.14,63.28,35.87,16,4,1.18,3.13,2.37,Good,Low
S0262,23,Male,92.22,3,2.04,76.89,26.78,15,3,2.24,4.49,4.85,Excellent,Low
S0263,22,Male,54.9,7,0.42,99.41,43.22,18,1,2.17,3.75,4.64,Average,Moderate
S0264,18,Female,74.41,10,5.8,1.11,9.15,7,5,4.24,1.45,3.52,Poor,High
S0265,20,Male,57.5,8,4.53,73.02,74.66,5,1,1.35,1.59,3.32,Excellent,High
S0266,19,Female,66.23,3,9.49,57.18,1.26,5,1,4.22,2.71,2.48,Excellent,Moderate
S0267,21,Female,86.87,9,0.61,43.41,64.45,8,3,3.68,1.78,1.07,Good,Low
S0268,25,Female,73.8,9,6.85,12.76,18.29,3,4,3.93,1.11,1.51,Average,Moderate
S0269,24,Male,68.79,5,0.25,40.91,23.24,11,2,2.73,4.22,4.02,Good,Low
S0270,20,Female,69.72,0,1.71,35.44,63.56,11,0,3.72,1.08,2.89,Good,Moderate
S0271,23,Male,72.97,3,4.54,30.28,99.29,16,2,3.44,4.32,1.6,Average,High
S0272,25,Female,89.25,6,4.55,73.09,77.77,14,4,4.08,1.58,2.06,Good,High
S0273,25,Male,94.6,0,6.86,70.07,22.58,8,2,2.79,4.9,4.79,Excellent,High
S0274,25,Male,97.77,7,9.1,58.9,17.6,6,5,2.89,3.42,2.47,Excellent,Moderate
S0275,18,Female,89.35,9,6.39,93.87,86.62,9,5,3.57,3.94,4.63,Average,High
S0276,21,Male,65.77,10,9.54,34.99,44.42,15,3,1.43,1.44,2.22,Good,Moderate
S0277,18,Male,84.41,5,8.82,24.38,13.71,11,1,2.74,4.45,3.17,Poor,Moderate
S0278,23,Female,71.88,4,5.84,65.59,86.22,6,4,4.89,4.36,1.08,Average,Moderate
S0279,18,Female,62.73,9,8.34,19.88,81.61,17,4,1.15,3.61,3.09,Excellent,High
S0280,19,Female,92.04,10,6.43,31.5,98.39,14,2,2.26,3.01,3.55,Good,High
S0281,21,Female,51.92,8,0.79,22.46,90.97,5,3,2.26,3.89,1.94,Good,Moderate
S0282,21,Female,95.09,1,7.41,6.92,85.18,11,2,3.53,1.02,3.32,Excellent,Moderate
S0283,23,Male,73.07,4,0.95,82.75,5.26,10,2,1.42,3.37,3.59,Poor,Moderate
S0284,24,Male,81.86,5,5.94,25.45,10.44,19,4,3.51,4.39,3.75,Average,Low
S0285,19,Male,82.97,6,7.03,47.3,56.9,2,2,1.38,2.43,4.11,Good,Moderate
S0286,20,Other,94.76,4,0.67,4.33,53.15,1,1,1.38,1.43,2.25,Good,Moderate
S0287,18,Female,81.83,8,2.31,69.93,45.8,5,2,3.91,2.68,3.27,Excellent,Moderate
S0288,22,Male,80.7,0,9.16,33.06,39.68,4,1,2.3,3.91,4.93,Good,Low
S0289,18,Female,53.33,6,6.16,74.47,43.12,17,4,4.91,1.43,4.59,Good,Moderate
S0290,25,Other,75.92,9,2.46,41.24,56.93,15,3,1.15,1.82,4.81,Good,Moderate
S0291,18,Male,57.51,6,6.91,19.58,0.21,7,5,2.78,1.59,2.54,Poor,Moderate
S0292,20,Female,86.87,3,5.97,51.32,26.07,19,1,1.45,4.19,4.15,Excellent,Moderate
S0293,18,Female,75.61,8,5.02,13.05,51.83,10,3,2.41,1.25,3.48,Good,Moderate
S0294,19,Female,84.01,10,9.76,44.05,72.22,9,3,4.99,3.75,1.33,Average,Moderate
S0295,19,Male,52.08,4,6.83,31.73,17.42,11,1,4.56,2.47,4.3,Good,Low
S0296,21,Female,54.24,3,3.75,91.2,54.69,5,4,1.19,4.02,3.71,Excellent,Low
S0297,23,Other,85.82,6,8.0,6.09,71.45,19,0,3.25,4.86,1.8,Good,High
S0298,24,Female,53.6,3,8.85,69.4,44.46,4,3,3.59,1.46,1.32,Good,High
S0299,22,Female,53.56,2,1.25,18.28,2.71,8,3,1.84,2.26,4.35,Poor,High
S0300,25,Other,50.61,8,2.01,31.9,44.93,15,4,1.58,4.24,1.32,Poor,Moderate
S0301,18,Female,97.83,10,2.16,41.55,29.64,13,4,4.62,2.06,1.37,Poor,Moderate
S0302,18,Male,86.88,7,6.91,90.8,92.96,7,2,4.88,1.86,2.71,Average,High
S0303,20,Female,67.66,0,6.03,24.26,12.46,19,4,4.97,4.3,1.54,Good,High
S0304,23,Female,64.83,6,6.19,9.13,65.25,18,3,4.16,4.95,4.65,Poor,Moderate
S0305,19,Male,67.49,8,9.41,31.87,5.27,13,1,3.65,3.23,2.88,Poor,High
S0306,22,Female,88.73,7,7.76,10.47,44.62,6,0,2.38,2.11,3.28,Good,High
S0307,21,Other,83.07,7,1.28,12.86,55.4,4,2,1.69,2.59,4.71,Good,Moderate
S0308,19,Other,59.26,5,3.48,57.39,29.8,17,1,1.32,1.68,3.12,Good,High
S0309,25,Female,58.71,10,4.35,6.09,45.51,1,0,3.77,4.05,2.41,Excellent,High
S0310,23,Male,54.92,3,3.96,3.09,16.36,10,0,4.14,4.09,4.19,Excellent,Low
S0311,25,Other,83.02,7,6.69,71.44,30.41,7,0,4.31,4.5,2.77,Poor,Low
S0312,24,Female,88.22,2,8.92,36.16,62.11,0,5,4.66,1.11,2.27,Poor,Moderate
S0313,21,Male,63.25,8,3.06,12.54,30.18,11,1,4.52,3.25,3.89,Excellent,High
S0314,24,Other,51.05,1,5.52,25.36,89.97,1,2,5.0,1.86,4.21,Good,Moderate
S0315,20,Female,54.11,1,7.89,64.21,62.84,17,2,1.98,2.36,4.17,Average,Moderate
S0316,25,Female,98.39,6,4.16,27.55,43.86,6,0,4.05,4.14,4.91,Average,High
S0317,20,Female,64.77,9,1.68,49.45,3.88,16,1,3.35,1.77,4.15,Good,High
S0318,18,Male,88.46,3,4.75,12.17,49.95,13,5,2.04,3.55,4.08,Average,High
S0319,24,Male,81.23,9,0.55,58.81,76.48,6,0,4.93,3.62,4.43,Average,Moderate
S0320,23,Male,69.1,7,9.42,31.61,26.56,2,4,4.59,4.82,1.0,Poor,Low
S0321,25,Female,60.28,8,0.75,62.7,80.68,5,2,1.51,4.1,2.45,Good,Moderate
S0322,22,Male,56.07,6,4.38,80.84,25.18,19,3,1.1,4.21,3.95,Excellent,Moderate
S0323,21,Male,80.75,4,5.3,61.16,82.37,1,0,3.75,3.13,3.4,Poor,Moderate
S0324,19,Male,88.73,7,9.85,29.57,8.53,16,4,3.42,1.75,1.71,Excellent,Moderate
S0325,23,Female,82.2,3,1.66,25.57,86.62,11,2,4.74,2.7,2.21,Average,Moderate
S0326,23,Other,76.52,1,1.14,32.74,49.92,11,5,1.94,3.2,2.35,Excellent,High
S0327,20,Male,52.1,10,0.09,16.46,29.65,16,1,1.34,3.71,3.27,Good,Moderate
S0328,24,Male,98.42,5,1.56,18.12,26.51,9,2,2.04,3.43,4.33,Good,Low
S0329,25,Female,89.94,8,2.07,79.07,43.2,2,1,1.08,2.58,4.73,Excellent,Moderate
S0330,25,Female,64.64,0,6.31,38.47,99.9,19,1,1.14,2.06,4.0,Poor,Low
S0331,18,Male,99.0,10,2.2,43.6,22.03,17,5,4.66,1.67,4.37,Excellent,Moderate
S0332,18,Female,80.09,9,0.21,59.4,10.32,12,5,2.41,3.78,2.88,Average,Moderate
S0333,21,Male,79.12,6,8.27,58.97,58.5,11,0,2.64,3.58,2.56,Average,High
S0334,20,Male,87.4,9,3.66,6.74,48.85,16,0,1.07,3.75,2.57,Good,Moderate
S0335,23,Female,90.59,8,3.54,83.15,52.42,3,2,2.08,2.49,3.46,Average,Low
S0336,25,Male,82.82,9,3.02,17.73,66.69,9,5,4.22,2.05,1.5,Good,Moderate
S0337,22,Other,56.4,8,9.75,72.31,26.71,10,4,3.46,4.04,3.32,Average,High
S0338,20,Male,66.91,9,1.7,77.27,91.07,5,2,4.02,4.09,3.66,Good,High
S0339,21,Female,96.4,10,8.98,71.49,43.57,5,3,2.79,2.82,2.76,Good,Moderate
S0340,21,Female,61.23,2,7.77,57.9,12.91,8,1,2.24,3.45,4.81,Good,Moderate
S0341,20,Male,68.61,10,0.76,1.46,74.23,14,1,2.93,2.49,3.43,Average,Moderate
S0342,21,Female,71.6,4,9.87,36.04,64.31,1,0,2.29,3.81,1.88,Poor,Low
S0343,20,Male,71.97,7,2.71,60.48,31.57,3,4,4.36,4.34,2.92,Excellent,Moderate
S0344,19,Other,80.65,7,0.99,38.75,62.15,4,5,2.19,3.75,3.7,Good,Moderate
S0345,20,Male,97.15,3,8.29,86.35,21.99,16,5,3.64,3.05,2.29,Good,High
S0346,24,Male,62.03,10,7.07,30.88,44.48,7,0,1.55,2.83,1.32,Average,High
S0347,20,Male,56.08,10,6.17,29.35,89.94,7,3,3.75,3.57,3.33,Excellent,Moderate
S0348,21,Other,59.87,0,1.56,26.6,13.35,11,2,4.65,3.72,4.79,Average,Low
S0349,25,Female,94.35,0,4.78,33.28,38.67,7,2,3.43,3.23,2.94,Excellent,Moderate
S0350,24,Female,82.29,3,7.81,55.74,82.11,18,4,3.24,3.5,4.62,Good,Moderate
S0351,21,Male,64.3,5,3.04,70.7,96.95,2,0,4.84,1.39,4.34,Average,High
S0352,18,Female,90.8,7,3.12,66.26,45.39,17,0,3.51,4.81,1.59,Average,Low
S0353,18,Male,93.07,5,0.03,80.77,50.7,18,3,2.04,4.16,3.83,Average,Low
S0354,25,Female,92.33,8,1.74,88.59,57.22,18,2,2.17,2.5,2.74,Good,Moderate
S0355,25,Male,95.95,8,8.75,81.61,93.23,14,0,3.82,3.25,2.0,Average,High
S0356,24,Male,62.61,1,4.42,1.89,85.82,5,5,3.94,1.19,3.75,Good,Moderate
S0357,19,Male,87.75,9,9.84,73.59,17.06,15,4,2.21,1.16,3.97,Poor,Low
S0358,25,Female,73.03,0,3.96,20.84,43.68,7,2,2.38,2.0,1.72,Good,Moderate
S0359,18,Female,92.1,1,7.15,13.29,46.4,15,3,4.96,3.76,4.66,Good,Moderate
S0360,20,Male,86.42,4,2.82,63.85,78.91,17,4,1.41,4.41,4.0,Good,High
S0361,21,Female,88.82,3,3.64,31.97,60.29,19,1,2.62,3.24,4.73,Good,High
S0362,18,Female,82.81,3,1.91,5.71,65.42,15,5,1.25,3.13,2.27,Excellent,High
S0363,18,Female,58.87,8,3.47,13.76,99.82,10,3,4.28,2.61,4.76,Average,Low
S0364,19,Male,77.25,10,5.47,0.09,7.5,6,4,1.37,1.65,2.47,Average,Moderate
S0365,24,Male,99.23,7,9.92,90.32,22.3,16,0,3.7,1.47,1.22,Poor,Moderate
S0366,24,Female,96.87,5,6.64,2.46,40.79,16,1,1.23,4.04,4.05,Excellent,High
S0367,23,Male,52.16,0,1.99,20.95,34.78,11,3,3.69,4.71,3.81,Good,Low
S0368,19,Male,58.24,1,0.45,41.63,2.16,12,0,4.37,2.83,3.39,Average,Low
S0369,20,Female,56.59,5,1.26,35.66,9.18,9,5,2.6,3.64,2.96,Good,High
S0370,24,Other,86.3,10,5.63,91.17,68.1,6,1,3.09,4.66,1.13,Good,Low
S0371,21,Male,90.89,1,7.65,4.03,87.93,13,2,2.61,1.36,3.5,Average,High
S0372,25,Male,60.68,9,9.4,51.22,51.42,0,0,2.2,4.08,2.67,Good,High
S0373,19,Female,75.29,4,0.16,68.05,53.92,16,4,4.21,3.47,3.24,Excellent,High
S0374,25,Male,92.04,4,5.23,93.17,25.51,3,3,2.09,3.39,2.72,Average,Low
S0375,18,Male,86.64,5,4.71,62.04,76.79,4,1,3.89,2.17,4.86,Excellent,Low
S0376,21,Male,77.11,5,6.56,80.38,75.18,19,0,1.82,3.74,3.42,Average,Moderate
S0377,21,Female,79.52,5,5.6,8.37,58.84,6,2,2.0,4.18,4.0,Excellent,Moderate
S0378,18,Female,75.42,1,6.87,38.59,21.27,9,3,2.35,1.45,4.75,Average,Moderate
S0379,19,Male,64.88,9,6.58,37.39,9.7,16,3,3.36,3.13,3.37,Excellent,Low
S0380,18,Male,78.25,2,1.17,88.63,6.42,6,0,2.82,1.41,1.05,Average,High
S0381,25,Male,84.44,5,8.0,15.14,59.27,0,2,3.98,4.49,1.14,Excellent,Moderate
S0382,23,Female,93.67,7,1.23,15.19,82.5,6,5,1.85,3.03,3.81,Average,Moderate
S0383,21,Male,81.81,10,6.99,32.86,85.83,10,5,1.04,4.23,2.12,Good,High
S0384,22,Male,88.06,0,4.16,5.45,46.36,8,1,4.11,2.47,3.32,Excellent,Moderate
S0385,22,Female,58.0,0,5.14,18.25,78.43,11,0,4.29,1.5,1.81,Average,Moderate
S0386,25,Male,73.08,10,9.03,96.52,94.69,2,1,1.24,1.17,2.08,Good,High
S0387,20,Female,50.47,1,8.9,42.82,27.52,3,5,3.44,2.13,3.02,Excellent,Low
S0388,24,Male,62.33,10,8.18,63.2,39.8,3,3,2.51,1.98,4.9,Excellent,High
S0389,18,Male,86.32,5,5.1,72.61,93.15,12,1,4.18,3.24,3.47,Good,Low
S0390,18,Male,99.59,8,7.36,36.7,33.82,18,2,4.5,1.09,4.74,Excellent,High
S0391,20,Female,54.96,3,5.13,14.72,91.39,9,4,4.4,3.08,4.84,Excellent,High
S0392,20,Female,70.07,2,8.7,20.66,98.1,4,5,4.11,2.57,1.83,Good,High
S0393,25,Female,90.0,7,4.03,31.33,66.18,6,5,2.08,3.31,2.24,Average,Moderate
S0394,25,Male,60.2,10,9.7,63.61,81.69,15,2,4.25,3.81,4.08,Good,Moderate
S0395,20,Female,77.75,9,9.32,39.83,74.95,0,1,3.13,3.54,4.47,Excellent,High
S0396,21,Male,86.65,8,7.42,0.68,69.95,11,0,1.21,4.94,3.08,Poor,High
S0397,25,Male,80.8,10,2.79,52.34,30.69,1,3,2.83,1.55,4.97,Average,Moderate
S0398,23,Female,59.4,4,1.32,92.15,5.71,6,4,4.77,2.72,1.05,Good,Moderate
S0399,25,Male,67.77,8,8.55,81.21,34.31,10,0,4.55,2.7,2.2,Excellent,Moderate
S0400,18,Male,89.19,1,1.65,82.52,66.69,12,0,1.41,2.67,3.49,Poor,High
S0401,25,Male,77.71,2,8.54,79.51,10.25,1,2,3.98,3.66,2.88,Good,Moderate
S0402,21,Male,50.26,6,4.91,32.37,1.19,6,1,4.22,2.96,1.47,Good,Moderate
S0403,20,Male,88.05,6,4.07,76.52,13.97,14,5,2.09,3.07,2.47,Good,Low
S0404,18,Female,51.77,5,9.03,14.32,71.57,10,5,2.89,2.73,1.1,Average,Moderate
S0405,25,Male,87.29,5,6.04,65.77,97.28,1,2,3.84,4.97,3.57,Excellent,High
S0406,21,Female,60.12,1,5.77,64.16,98.31,6,1,2.76,4.71,4.57,Average,High
S0407,23,Female,97.9,9,5.59,2.56,49.4,3,2,1.45,2.23,4.54,Average,Moderate
S0408,25,Male,68.4,5,3.71,78.8,86.94,10,5,3.82,1.45,3.8,Good,Moderate
S0409,21,Male,66.35,3,7.86,90.32,73.68,1,0,4.65,4.36,2.86,Average,Low
S0410,23,Male,57.44,2,2.53,26.74,50.1,15,3,3.61,4.99,3.05,Excellent,Moderate
S0411,20,Female,65.28,10,9.39,81.24,57.28,6,1,4.1,2.17,1.55,Good,Moderate
S0412,25,Male,93.83,1,8.94,8.24,13.72,12,4,2.43,2.43,2.36,Good,Moderate
S0413,23,Female,99.82,0,3.37,60.0,93.77,4,4,1.73,4.77,1.75,Good,Moderate
S0414,18,Male,68.42,10,7.29,48.56,35.19,16,0,3.57,3.84,4.28,Good,High
S0415,20,Female,72.43,10,5.73,54.59,44.61,11,2,2.31,2.18,4.66,Good,High
S0416,18,Male,86.1,4,3.38,92.62,67.17,18,2,4.44,3.32,3.15,Excellent,Moderate
S0417,22,Male,94.31,1,9.89,87.13,33.39,6,5,1.49,4.78,3.91,Good,High
S0418,19,Other,79.65,1,0.25,78.51,25.43,5,0,2.73,4.25,1.49,Good,High
S0419,25,Female,69.58,6,2.53,27.37,63.1,7,5,2.59,3.97,3.43,Average,High
S0420,23,Male,70.63,7,5.2,91.18,2.5,12,5,4.75,3.95,3.81,Excellent,High
S0421,19,Female,84.78,9,5.22,9.75,72.07,4,4,1.61,1.71,2.81,Average,High
S0422,19,Female,50.16,7,5.89,85.33,51.4,1,5,1.04,4.3,1.97,Good,Moderate
S0423,23,Female,80.98,3,7.52,32.82,60.58,8,5,1.95,2.1,4.51,Excellent,Moderate
S0424,20,Female,67.77,0,6.23,5.38,63.19,10,4,4.28,4.72,3.97,Good,Moderate
S0425,25,Male,89.71,10,6.0,66.94,52.71,5,2,1.84,2.46,4.6,Good,Moderate
S0426,22,Male,54.65,6,0.54,23.13,58.25,6,1,1.96,4.43,4.27,Good,Low
S0427,18,Male,79.41,0,3.77,24.36,68.38,6,3,1.52,2.06,4.96,Good,High
S0428,21,Female,74.05,10,2.32,30.6,75.31,18,5,3.86,3.06,1.77,Poor,Moderate
S0429,18,Female,82.12,3,2.65,6.37,72.75,5,1,1.28,1.43,1.35,Poor,High
S0430,21,Male,53.24,7,5.54,17.71,86.96,10,4,2.32,3.64,2.35,Good,Moderate
S0431,18,Male,79.0,1,2.0,0.51,18.94,10,1,2.13,4.34,1.52,Average,Low
S0432,23,Female,78.07,5,2.94,44.54,40.11,6,3,3.22,3.87,3.09,Excellent,Moderate
S0433,22,Other,78.03,5,2.37,8.43,94.78,1,1,3.92,3.09,3.53,Good,Moderate
S0434,25,Female,80.17,8,9.49,68.27,39.66,18,1,3.13,1.18,3.31,Average,Moderate
S0435,21,Male,83.82,4,9.45,23.56,12.49,3,1,4.72,4.73,2.04,Good,Moderate
S0436,25,Male,90.25,9,6.1,94.36,52.54,5,1,4.81,3.82,4.64,Excellent,High
S0437,25,Male,63.49,3,9.25,87.13,10.95,16,0,2.45,3.98,1.08,Excellent,Moderate
S0438,25,Other,91.25,4,7.86,28.94,20.29,4,5,4.11,4.18,2.39,Good,Moderate
S0439,24,Male,74.91,9,5.9,78.32,99.83,6,4,3.96,3.99,3.88,Good,Moderate
S0440,20,Female,53.85,10,0.06,80.32,54.14,8,3,4.57,2.76,4.07,Good,High
S0441,18,Male,52.93,4,7.73,98.66,28.41,0,4,2.79,3.93,2.66,Good,Low
S0442,25,Female,66.71,7,7.02,59.78,99.48,0,0,3.12,3.5,1.07,Good,High
S0443,18,Female,89.24,9,6.15,8.2,96.66,18,0,2.66,4.42,3.47,Average,High
S0444,25,Female,85.38,7,7.6,64.68,44.07,5,0,4.4,4.21,1.25,Excellent,Moderate
S0445,21,Male,89.43,1,5.13,62.5,26.04,17,5,1.92,1.17,1.43,Average,High
S0446,20,Male,75.86,6,7.04,63.84,83.84,9,0,1.96,2.52,3.6,Average,Moderate
S0447,20,Male,72.01,7,9.35,30.71,71.56,10,1,2.49,1.14,2.25,Average,Moderate
S0448,23,Other,57.37,10,3.76,85.97,68.69,0,4,1.92,1.41,2.39,Average,Moderate
S0449,24,Female,66.41,5,7.08,95.95,89.31,0,2,3.24,3.41,2.95,Good,Moderate
S0450,23,Female,71.7,4,4.76,21.77,68.94,12,3,1.54,4.5,4.91,Good,Moderate
S0451,23,Female,54.43,10,6.74,8.82,28.38,4,0,2.28,1.48,4.86,Good,Low
S0452,23,Female,61.03,8,7.63,19.45,69.39,19,4,4.65,2.8,2.67,Poor,Moderate
S0453,23,Male,79.91,2,0.45,82.06,30.58,0,0,2.64,4.64,2.06,Good,Moderate
S0454,23,Other,86.78,9,6.47,67.66,75.92,19,5,3.99,4.26,2.21,Excellent,Low
S0455,22,Male,99.92,3,2.27,63.6,61.97,2,0,1.45,3.08,2.08,Excellent,High
S0456,20,Male,96.66,8,6.7,40.18,7.74,17,0,1.99,4.09,3.13,Poor,Moderate
S0457,23,Female,82.13,5,4.68,57.78,51.28,8,0,4.23,3.09,3.43,Excellent,High
S0458,25,Male,71.06,7,7.74,30.79,34.33,13,0,4.05,1.63,2.96,Excellent,High
S0459,20,Male,81.81,6,1.23,47.72,32.86,16,3,2.54,1.5,2.63,Good,High
S0460,20,Female,89.28,10,6.26,79.31,60.23,13,4,4.82,1.75,1.85,Poor,Moderate
S0461,19,Male,55.92,1,2.78,98.12,32.23,3,5,4.64,2.4,2.93,Good,Moderate
S0462,22,Female,70.5,2,8.53,93.25,77.69,4,0,4.85,4.72,2.36,Good,High
S0463,23,Male,91.99,0,9.28,93.39,7.08,16,0,2.71,4.2,3.17,Average,Low
S0464,18,Male,69.19,8,9.96,40.22,66.04,1,0,1.79,2.73,3.7,Excellent,Moderate
S0465,21,Male,78.59,6,7.96,46.88,80.92,4,0,3.51,2.97,3.53,Average,Low
S0466,24,Male,79.39,0,7.54,70.56,67.28,3,1,3.74,2.06,2.85,Good,Low
S0467,25,Female,59.22,2,2.16,92.22,49.72,3,1,1.5,3.82,3.22,Good,Moderate
S0468,18,Male,68.11,3,3.36,14.2,95.03,5,2,4.15,4.21,2.14,Average,Low
S0469,22,Female,66.73,3,4.66,30.42,29.99,19,0,1.07,1.96,1.1,Poor,Moderate
S0470,21,Female,51.31,4,7.73,13.92,1.92,12,2,2.93,1.17,3.5,Good,Low
S0471,22,Female,51.21,2,9.15,61.2,43.2,4,3,2.32,3.5,2.01,Excellent,High
S0472,25,Other,91.58,2,1.89,30.63,3.3,6,2,3.96,3.25,3.68,Average,Moderate
S0473,20,Female,63.65,0,9.22,32.61,95.39,19,4,2.25,2.61,3.99,Good,Moderate
S0474,21,Male,75.9,6,6.96,7.09,20.99,0,1,4.31,3.58,4.66,Poor,Moderate
S0475,20,Male,64.94,10,6.11,34.98,78.89,13,1,3.38,3.2,4.83,Poor,Low
S0476,25,Male,97.03,9,2.0,86.25,77.46,3,0,4.18,2.0,1.04,Excellent,Low
S0477,18,Female,62.96,0,0.56,23.31,21.77,16,0,4.96,2.59,4.96,Poor,High
S0478,25,Male,71.48,1,5.68,69.52,62.12,13,3,3.72,2.71,3.73,Good,Low
S0479,18,Female,93.64,3,6.52,62.96,4.81,15,5,4.94,4.52,3.57,Average,High
S0480,21,Female,92.1,3,2.11,86.35,48.36,13,3,1.12,4.84,1.06,Excellent,Moderate
S0481,21,Male,59.31,4,5.56,13.23,1.46,15,4,2.35,4.57,4.44,Average,Moderate
S0482,23,Female,90.13,10,8.56,97.76,92.11,19,0,1.43,3.88,1.58,Average,High
S0483,22,Male,72.91,1,8.35,58.26,97.61,7,0,2.05,3.34,4.35,Average,Moderate
S0484,23,Male,74.15,3,9.27,99.55,22.23,2,3,4.36,3.76,1.06,Poor,Moderate
S0485,22,Female,56.67,0,3.66,91.15,20.81,18,3,1.13,4.76,3.58,Good,High
S0486,23,Female,54.03,1,3.18,22.15,75.37,0,3,3.08,2.0,2.74,Good,Moderate
S0487,20,Female,86.4,0,7.49,5.62,25.34,1,1,3.27,3.14,1.8,Average,Moderate
S0488,21,Male,74.82,9,4.31,25.56,89.51,14,2,3.24,3.76,1.43,Average,Moderate
S0489,18,Male,71.84,9,0.88,52.76,57.39,9,2,2.9,3.72,2.76,Poor,High
S0490,22,Female,86.48,3,2.83,17.16,35.08,17,0,4.16,2.01,1.49,Poor,Low
S0491,25,Female,88.28,3,4.19,16.75,83.27,13,1,1.53,3.35,2.95,Good,Low
S0492,22,Female,57.95,6,2.93,46.26,49.34,16,3,2.24,4.18,3.5,Good,High
S0493,18,Male,80.51,9,3.32,3.33,91.16,12,0,3.46,2.9,4.31,Good,High
S0494,23,Female,56.77,10,2.94,12.19,92.8,0,1,3.76,4.17,3.71,Average,Low
S0495,22,Male,87.57,10,0.41,41.59,16.54,4,4,2.62,2.44,1.26,Good,Moderate
S0496,24,Male,82.85,8,6.37,6.31,0.23,12,5,4.5,4.76,2.23,Average,High
S0497,20,Other,97.83,8,5.97,39.68,98.39,13,1,2.66,3.14,2.15,Excellent,Moderate
S0498,21,Male,53.45,4,6.53,47.4,90.61,2,0,2.61,3.38,4.66,Excellent,Moderate
S0499,18,Other,52.85,9,1.92,45.13,5.54,14,2,1.14,1.13,4.47,Good,Moderate
S0500,21,Male,64.11,0,2.96,86.92,83.3,18,3,3.2,1.68,2.48,Excellent,High
S0501,24,Male,63.09,0,6.2,53.01,45.78,16,5,3.83,3.53,1.28,Average,Moderate
S0502,22,Female,62.35,5,6.0,46.8,25.9,2,4,1.46,2.68,4.58,Excellent,High
S0503,22,Female,95.31,1,5.06,41.07,87.87,15,5,2.22,3.03,4.55,Excellent,Low
S0504,25,Female,62.48,7,3.5,81.76,19.67,13,5,4.13,1.25,4.42,Excellent,Moderate
S0505,24,Female,63.6,8,9.13,89.51,94.73,11,1,2.46,4.34,4.38,Average,Moderate
S0506,18,Female,87.97,3,3.4,85.32,20.56,11,0,1.97,4.14,2.92,Average,Moderate
S0507,25,Female,72.49,4,4.56,67.35,61.37,10,0,3.69,1.74,1.71,Excellent,Moderate
S0508,20,Female,88.84,10,6.78,13.74,22.31,16,5,1.79,3.54,2.91,Average,Low
S0509,25,Male,53.27,7,5.43,27.69,54.57,7,3,4.58,4.27,2.98,Good,High
S0510,19,Female,74.38,2,3.47,4.61,68.4,16,0,1.42,3.56,2.96,Good,Low
S0511,18,Male,51.68,4,4.36,93.08,19.02,19,5,3.83,2.24,3.16,Average,High
S0512,19,Other,53.13,2,7.94,66.08,52.09,10,0,3.0,3.62,2.03,Excellent,Moderate
S0513,24,Other,95.32,9,2.78,74.64,46.91,1,3,4.48,1.84,2.46,Average,Moderate
S0514,23,Male,56.96,2,1.42,31.16,7.1,9,4,1.5,2.27,2.74,Excellent,Moderate
S0515,19,Female,76.62,2,3.13,84.57,81.83,9,5,3.71,1.96,1.52,Poor,Low
S0516,20,Other,70.55,6,8.5,25.96,33.57,10,2,3.29,3.23,2.82,Excellent,Moderate
S0517,25,Male,67.37,6,0.89,0.16,57.46,5,2,2.92,1.43,4.24,Good,Moderate
S0518,23,Female,94.99,6,9.92,37.64,51.48,3,5,2.97,4.73,4.31,Poor,Low
S0519,25,Other,51.09,9,5.41,57.08,51.33,11,1,3.89,2.33,2.65,Excellent,High
S0520,19,Male,83.19,7,9.85,47.87,10.72,10,4,4.75,1.88,3.08,Good,Low
S0521,25,Female,98.17,4,9.39,86.21,42.35,12,1,1.37,2.99,1.13,Good,Moderate
S0522,24,Male,78.01,4,4.53,10.54,45.24,4,2,1.08,2.11,3.7,Good,Moderate
S0523,23,Other,96.84,3,1.98,55.38,73.36,5,3,4.22,3.14,2.62,Good,High
S0524,24,Other,52.61,6,1.65,51.3,84.0,0,5,1.43,2.39,2.78,Excellent,Moderate
S0525,19,Other,70.94,9,2.4,28.14,54.5,5,0,4.95,1.53,4.49,Average,High
S0526,24,Female,63.01,3,7.1,82.22,8.68,17,2,3.48,2.06,2.85,Good,High
S0527,20,Female,86.54,1,2.73,75.28,23.68,8,4,3.6,2.75,1.08,Average,High
S0528,19,Female,99.06,3,3.41,73.29,16.49,14,2,1.8,1.12,1.91,Good,Moderate
S0529,19,Male,62.83,7,4.49,87.62,12.46,7,4,1.96,4.08,2.9,Good,Moderate
S0530,19,Female,82.71,8,9.13,72.28,36.59,18,4,3.64,3.49,2.7,Good,Low
S0531,18,Male,59.9,2,1.89,23.18,22.94,15,5,4.64,3.41,4.44,Good,High
S0532,25,Female,78.27,6,0.05,70.56,21.83,5,4,4.93,3.18,3.17,Good,Moderate
S0533,18,Male,73.2,8,0.6,30.77,5.47,5,1,1.79,3.36,3.76,Good,Moderate
S0534,18,Male,98.6,10,9.05,24.22,1.77,2,3,1.54,4.74,2.88,Good,Moderate
S0535,20,Male,80.43,3,6.48,7.3,10.28,9,2,1.23,1.03,2.76,Excellent,Low
S0536,23,Female,67.48,9,2.73,74.4,17.22,0,3,4.47,1.19,2.79,Good,Moderate
S0537,25,Male,55.7,2,1.77,71.1,43.1,13,0,2.18,1.77,2.64,Excellent,Low
S0538,24,Female,57.56,4,2.94,23.45,51.05,3,2,1.01,1.67,3.15,Average,Moderate
S0539,22,Male,61.27,0,1.15,74.94,14.06,11,3,1.9,1.72,2.0,Good,Moderate
S0540,19,Male,62.55,2,9.42,91.78,42.48,5,3,2.36,3.69,4.56,Good,Moderate
S0541,24,Female,92.53,7,7.84,10.8,34.17,10,5,4.96,2.84,2.33,Good,Low
S0542,19,Female,78.06,10,4.62,23.26,18.34,11,5,3.09,4.97,1.59,Good,Low
S0543,20,Male,76.17,7,8.65,75.03,0.68,9,0,1.82,1.91,1.39,Good,Moderate
S0544,19,Female,55.74,3,2.49,27.45,46.7,17,4,2.34,2.24,1.05,Poor,Low
S0545,18,Female,93.01,1,7.17,62.47,68.57,6,2,2.32,4.94,2.69,Average,High
S0546,25,Female,86.14,7,8.56,8.12,22.63,6,5,1.08,4.33,1.75,Average,Low
S0547,22,Male,53.38,7,3.57,45.22,13.18,10,2,1.54,2.88,1.09,Average,High
S0548,21,Male,85.39,9,7.57,73.91,88.7,3,0,3.78,3.22,3.08,Good,High
S0549,19,Female,77.18,3,2.95,68.65,27.5,19,5,1.48,4.37,3.72,Excellent,High
S0550,24,Male,54.09,2,2.99,81.51,22.36,0,5,1.92,2.92,1.34,Average,Low
S0551,18,Female,72.92,1,1.07,87.75,85.71,12,4,2.4,1.82,2.84,Excellent,Low
S0552,21,Female,74.23,8,4.4,77.32,81.71,17,2,4.03,4.31,3.97,Good,Low
S0553,22,Other,58.29,0,7.3,67.16,44.83,8,2,3.33,3.15,4.94,Average,Low
S0554,21,Female,97.28,6,9.4,3.17,48.92,8,2,3.76,1.61,3.67,Average,Moderate
S0555,18,Other,92.5,4,6.04,53.5,21.77,8,4,3.27,3.02,1.98,Good,Low
S0556,25,Male,83.45,7,8.63,3.77,7.83,9,5,3.73,2.65,3.87,Good,Low
S0557,25,Female,73.11,3,8.22,80.81,57.34,1,0,1.01,4.51,3.39,Average,Moderate
S0558,23,Male,70.59,6,1.73,32.07,9.83,5,2,4.72,1.5,1.85,Average,High
S0559,25,Female,82.55,4,4.86,56.24,44.93,14,3,1.44,4.5,4.4,Average,Moderate
S0560,23,Female,77.27,4,1.17,27.94,94.05,2,4,2.62,3.05,2.71,Poor,Low
S0561,21,Female,53.11,8,6.82,78.25,95.28,10,1,4.08,2.62,4.85,Excellent,Low
S0562,20,Other,75.63,8,9.5,88.65,23.93,5,0,2.74,1.65,3.89,Good,Low
S0563,24,Female,90.32,8,1.37,39.86,62.41,2,3,4.79,3.8,3.58,Good,Low
S0564,24,Male,72.96,5,7.34,86.29,47.41,10,2,2.87,4.71,3.91,Excellent,Low
S0565,21,Male,52.6,5,6.32,26.71,87.57,14,1,4.5,2.5,2.91,Poor,Moderate
S0566,19,Female,89.31,4,5.84,53.47,27.14,12,0,4.24,1.97,3.02,Poor,Moderate
S0567,19,Male,60.07,8,3.9,85.88,0.37,19,4,4.92,3.22,4.4,Excellent,High
S0568,25,Male,62.93,9,3.55,32.59,16.26,9,1,4.71,4.18,3.72,Excellent,Moderate
S0569,24,Male,58.24,7,0.45,95.4,34.95,5,5,4.59,1.02,4.59,Good,Moderate
S0570,24,Male,66.51,6,2.18,12.19,31.57,14,1,3.93,3.53,4.56,Average,Low
S0571,23,Male,87.84,6,0.15,1.83,79.14,17,3,2.47,3.39,4.91,Good,Moderate
S0572,20,Male,75.97,5,5.81,90.41,68.06,17,0,1.42,2.27,3.8,Excellent,High
S0573,18,Male,60.24,4,1.06,6.86,29.96,6,3,3.75,2.81,3.01,Excellent,High
S0574,19,Male,93.89,3,8.73,99.19,45.77,14,3,4.91,1.99,1.67,Good,Moderate
S0575,24,Other,93.98,2,5.23,95.14,9.56,17,2,3.91,4.16,3.82,Poor,Moderate
S0576,23,Male,93.53,2,7.0,13.7,89.81,17,4,4.71,3.54,2.17,Good,Moderate
S0577,22,Male,61.94,5,4.11,53.76,93.54,19,1,4.22,3.13,2.13,Good,High
S0578,23,Female,72.56,3,5.61,18.49,97.98,8,0,1.65,2.57,1.95,Excellent,Moderate
S0579,19,Male,99.25,5,9.43,42.82,86.86,1,5,2.0,2.17,4.5,Good,High
S0580,19,Other,88.6,2,0.83,6.14,17.4,7,4,2.37,4.29,4.47,Average,Moderate
S0581,23,Female,51.36,3,2.54,22.39,4.62,19,4,1.67,2.81,3.52,Good,Moderate
S0582,18,Male,53.26,8,7.8,36.33,57.96,1,0,3.33,3.01,2.89,Good,Moderate
S0583,21,Male,73.2,4,0.99,43.86,91.26,10,4,4.9,3.08,3.69,Average,Moderate
S0584,19,Female,95.46,6,0.76,97.75,17.74,6,2,4.05,2.79,3.43,Excellent,High
S0585,23,Other,76.94,9,3.62,80.79,0.7,5,4,2.69,2.02,2.66,Average,Low
S0586,24,Female,74.89,1,0.92,73.74,80.55,9,2,1.02,1.48,2.52,Good,Moderate
S0587,23,Female,55.27,4,5.85,53.7,7.68,4,1,2.25,1.39,2.53,Good,High
S0588,20,Male,82.84,8,2.26,84.0,41.37,10,1,3.11,4.03,3.36,Average,High
S0589,21,Other,91.11,10,8.96,33.93,67.89,0,3,2.3,1.89,3.59,Average,Moderate
S0590,22,Male,69.02,2,7.84,70.89,23.68,1,2,1.44,1.22,2.81,Good,High
S0591,18,Other,88.78,8,7.0,99.38,8.4,0,5,2.77,4.19,4.87,Excellent,High
S0592,25,Female,98.22,10,6.17,31.46,77.0,18,1,2.01,1.62,1.34,Good,Moderate
S0593,22,Female,60.19,5,8.63,67.4,63.02,1,4,4.64,3.5,2.39,Good,Moderate
S0594,21,Female,76.17,3,2.23,84.43,98.85,19,0,1.41,2.35,2.68,Good,Moderate
S0595,21,Male,64.36,6,8.73,91.58,34.43,3,0,1.2,1.51,1.07,Average,Moderate
S0596,21,Male,89.64,7,7.89,71.79,6.18,11,2,1.02,2.66,2.46,Excellent,High
S0597,22,Male,78.88,5,7.48,28.36,73.44,19,5,2.31,1.06,2.09,Good,Low
S0598,24,Male,81.73,4,5.61,32.63,52.17,17,3,3.64,4.36,3.02,Good,High
S0599,21,Female,89.9,5,2.46,2.08,21.32,0,4,3.92,3.05,2.35,Good,Moderate
S0600,23,Male,69.8,4,4.24,76.09,78.17,0,2,2.81,1.56,3.9,Average,High
S0601,22,Male,95.75,7,7.94,4.27,20.38,13,0,3.74,1.95,3.04,Good,Low
S0602,25,Other,76.65,0,0.32,86.47,26.07,3,2,2.44,2.79,1.52,Good,Moderate
S0603,21,Female,57.9,10,7.82,11.87,9.25,4,4,3.67,1.76,4.0,Poor,High
S0604,23,Other,84.79,6,2.4,17.19,39.94,10,5,1.16,2.07,1.4,Good,Moderate
S0605,24,Other,89.66,9,1.44,47.65,41.89,12,5,2.56,3.14,4.36,Good,High
S0606,20,Male,65.84,9,1.16,73.79,51.46,15,1,4.16,4.33,4.73,Good,Moderate
S0607,24,Male,92.86,10,0.27,13.9,70.9,12,4,4.21,2.61,2.29,Poor,Moderate
S0608,25,Female,95.31,1,5.24,44.01,90.61,1,1,3.86,3.87,4.7,Poor,High
S0609,21,Female,63.85,8,2.18,48.29,13.77,15,1,1.82,4.51,4.17,Good,Moderate
S0610,25,Male,99.18,0,9.89,21.23,5.43,5,1,1.99,1.87,4.69,Excellent,High
S0611,22,Female,57.04,10,5.74,11.56,1.85,13,2,4.98,4.23,3.67,Poor,Moderate
S0612,19,Male,60.1,9,1.38,83.64,14.36,0,0,1.41,4.03,1.94,Good,Moderate
S0613,21,Male,59.21,5,6.89,50.25,65.79,16,5,1.72,2.43,4.58,Good,Moderate
S0614,19,Female,94.7,8,8.98,1.44,72.75,10,2,1.52,4.96,1.74,Average,Low
S0615,23,Female,82.71,0,7.45,80.3,78.65,18,0,2.31,2.05,1.85,Good,High
S0616,20,Female,57.61,3,0.76,98.08,24.37,2,5,1.84,2.02,2.08,Excellent,Low
S0617,18,Male,72.02,3,8.96,60.59,30.59,10,4,2.99,4.09,2.22,Average,Moderate
S0618,25,Female,80.76,8,7.94,50.37,48.31,4,5,2.9,2.74,3.06,Good,High
S0619,24,Male,54.17,10,1.58,87.84,6.32,16,5,4.61,2.32,3.85,Good,Moderate
S0620,20,Male,94.12,4,0.52,95.25,61.11,6,5,1.14,1.71,4.7,Good,Moderate
S0621,21,Female,90.18,4,5.57,75.45,98.37,9,3,2.28,4.06,1.35,Good,Moderate
S0622,19,Other,75.26,5,1.56,44.55,36.08,10,4,3.39,4.15,4.82,Good,High
S0623,24,Female,98.36,0,8.35,59.22,75.28,2,2,3.42,3.27,4.69,Good,High
S0624,19,Female,70.89,0,3.58,70.09,50.0,19,2,2.92,4.83,1.22,Average,Moderate
S0625,22,Female,99.21,8,9.13,19.43,12.78,9,0,4.26,2.27,2.44,Average,Moderate
S0626,19,Female,83.4,2,5.66,44.72,58.22,9,2,1.25,1.88,4.25,Good,Moderate
S0627,22,Male,81.73,3,1.83,82.98,29.99,13,1,4.26,3.71,3.45,Average,High
S0628,23,Male,58.3,0,1.4,65.47,3.44,11,5,2.98,4.03,4.12,Average,Low
S0629,24,Male,94.1,8,5.76,41.12,63.49,14,2,1.54,1.9,3.88,Average,Low
S0630,24,Male,71.37,7,7.62,66.34,85.89,9,0,4.54,1.31,2.99,Good,High
S0631,18,Female,58.11,1,7.82,11.82,34.48,9,0,3.6,4.24,1.16,Average,High
S0632,21,Female,50.63,7,2.76,40.15,39.03,18,1,1.65,4.91,3.34,Good,Low
S0633,22,Male,77.99,6,2.04,79.31,89.1,0,0,1.13,3.58,1.19,Excellent,Low
S0634,18,Male,76.37,10,0.17,22.05,81.36,9,3,1.56,2.11,3.41,Good,Moderate
S0635,19,Female,85.97,5,6.79,18.6,71.5,1,5,3.44,4.99,4.2,Average,Low
S0636,19,Male,94.51,0,0.77,95.08,24.88,16,5,1.72,4.57,3.34,Excellent,Moderate
S0637,18,Female,53.97,6,4.21,20.99,91.02,6,5,1.9,3.05,4.99,Excellent,High
S0638,24,Female,86.57,9,6.02,26.09,15.44,6,4,1.1,4.3,2.82,Average,Moderate
S0639,19,Female,59.37,6,9.37,96.96,62.68,19,2,3.89,4.26,4.0,Average,Moderate
S0640,25,Female,92.91,8,3.12,73.47,2.88,8,3,4.24,4.74,3.67,Average,Low
S0641,23,Female,90.95,0,2.5,69.96,64.37,1,2,4.19,4.36,4.97,Good,High
S0642,23,Male,77.04,1,6.54,85.29,27.71,13,3,1.51,3.57,3.85,Excellent,Moderate
S0643,25,Female,85.51,10,6.19,11.58,44.97,16,2,4.61,3.44,1.66,Average,Moderate
S0644,18,Female,65.72,8,3.32,70.6,34.53,0,1,3.69,2.87,4.82,Excellent,Moderate
S0645,25,Male,73.56,8,9.28,50.37,17.28,8,0,4.59,3.51,3.67,Average,Moderate
S0646,22,Female,91.08,5,8.45,82.92,62.2,19,0,2.79,4.18,1.24,Good,Low
S0647,22,Female,72.96,5,2.24,50.81,88.2,18,1,2.75,4.88,3.63,Poor,Moderate
S0648,18,Female,67.89,3,2.39,62.02,95.91,3,3,4.14,2.87,4.53,Good,Moderate
S0649,25,Female,74.71,3,5.12,47.77,19.23,7,4,1.37,3.29,3.31,Good,Low
S0650,22,Female,91.41,4,7.74,47.82,71.74,12,3,3.08,2.78,2.42,Average,High
S0651,24,Female,66.76,2,0.44,76.8,66.43,3,0,4.35,3.67,4.28,Good,Low
S0652,25,Female,58.69,0,6.93,62.86,34.34,8,4,4.32,3.52,4.13,Good,Moderate
S0653,24,Female,85.6,0,6.48,63.33,1.91,8,2,4.82,1.07,3.18,Average,Moderate
S0654,22,Female,91.3,6,2.31,45.03,68.98,17,4,3.79,3.16,1.62,Good,Moderate
S0655,23,Female,55.03,0,6.81,53.11,94.55,11,3,1.83,1.35,2.0,Good,Low
S0656,22,Female,61.99,0,9.4,74.57,63.21,9,1,1.08,1.11,3.95,Good,High
S0657,24,Male,57.1,2,0.47,82.59,43.53,10,2,2.92,4.16,4.22,Excellent,Moderate
S0658,20,Female,67.4,9,3.2,69.66,52.52,6,3,3.05,2.03,2.12,Excellent,Moderate
S0659,21,Female,72.52,3,4.38,92.41,19.96,8,2,1.96,2.36,2.47,Average,High
S0660,19,Male,87.44,3,8.99,82.03,75.05,5,4,1.5,1.26,1.31,Average,Moderate
S0661,25,Female,82.56,1,9.62,56.19,74.64,18,0,3.34,1.72,3.85,Good,Low
S0662,20,Male,81.05,0,4.44,67.14,14.55,15,3,4.06,4.06,1.01,Good,Low
S0663,22,Male,67.62,2,7.5,92.63,87.8,14,1,4.97,2.97,1.19,Poor,Moderate
S0664,23,Female,92.07,10,5.32,61.92,26.92,6,4,4.03,4.52,1.02,Poor,Moderate
S0665,18,Male,73.56,3,5.38,82.48,98.23,15,3,4.17,2.59,3.58,Good,Moderate
S0666,22,Female,98.96,2,2.78,68.88,38.29,4,1,3.47,2.07,2.67,Average,High
S0667,23,Female,81.71,7,2.17,55.19,17.79,15,3,4.94,2.39,2.19,Average,Low
S0668,21,Female,56.31,9,2.88,24.18,35.17,0,4,3.56,3.85,4.65,Good,Low
S0669,22,Male,83.81,0,5.56,42.6,44.02,18,3,4.44,3.22,1.77,Excellent,Low
S0670,24,Male,66.26,1,0.29,96.77,6.93,4,2,4.78,4.62,2.56,Excellent,Moderate
S0671,18,Female,84.32,6,9.07,65.78,57.82,6,4,4.72,3.41,4.76,Average,Moderate
S0672,23,Other,53.48,3,1.56,56.44,59.76,18,3,2.53,2.97,2.71,Average,High
S0673,23,Female,58.74,7,2.2,93.3,73.89,4,0,1.31,4.14,3.22,Average,Moderate
S0674,23,Male,92.79,10,5.18,58.65,2.92,16,3,1.69,4.79,1.32,Excellent,Moderate
S0675,21,Female,61.36,2,7.1,52.61,54.12,7,2,1.24,2.42,4.16,Average,Low
S0676,22,Female,91.85,5,0.96,75.93,5.29,0,1,1.42,2.0,2.69,Average,Low
S0677,21,Female,63.96,8,3.18,71.27,70.11,1,1,1.74,3.46,4.2,Average,Low
S0678,25,Male,82.14,0,9.69,19.32,5.57,14,1,2.36,3.0,2.02,Excellent,Low
S0679,19,Female,84.71,0,2.62,47.13,91.17,19,0,3.17,4.96,2.69,Average,High
S0680,19,Female,75.63,7,3.13,47.25,70.21,17,2,3.85,2.85,4.15,Excellent,Moderate
S0681,25,Other,65.27,2,8.36,37.82,50.74,10,4,1.84,1.3,4.9,Average,High
S0682,22,Male,60.63,4,0.5,51.73,44.15,9,1,3.69,4.91,1.24,Average,High
S0683,24,Female,51.66,0,4.65,41.31,13.07,3,2,3.82,4.37,4.25,Excellent,Moderate
S0684,21,Other,65.2,4,3.8,19.93,29.1,4,3,3.23,1.71,2.2,Average,Moderate
S0685,18,Male,82.66,10,3.17,41.24,86.9,3,0,4.61,4.62,3.2,Excellent,Moderate
S0686,23,Other,96.92,5,2.86,7.23,90.45,12,2,1.44,2.36,2.16,Average,High
S0687,23,Female,93.56,7,0.91,57.58,0.07,12,2,1.71,2.51,3.45,Good,High
S0688,22,Male,88.3,2,3.15,85.37,59.41,17,4,2.71,4.63,2.42,Average,High
S0689,24,Male,89.42,2,0.43,72.53,71.93,1,2,1.51,3.12,2.33,Poor,High
S0690,19,Female,83.25,10,7.81,36.04,61.87,15,4,3.27,1.55,1.15,Good,High
S0691,19,Male,63.01,10,3.98,8.71,8.17,0,0,2.59,2.48,1.59,Good,Moderate
S0692,23,Female,95.36,9,4.44,20.21,21.77,18,0,2.14,3.89,4.67,Good,Low
S0693,22,Male,83.54,8,8.94,54.55,25.03,8,3,1.68,1.7,4.99,Excellent,Moderate
S0694,21,Female,78.02,3,6.58,20.71,83.17,2,4,2.34,3.36,4.12,Good,Moderate
S0695,19,Male,55.55,3,0.08,54.4,46.32,6,4,3.43,3.78,2.15,Average,High
S0696,21,Female,72.35,6,9.43,23.16,48.68,9,1,3.3,2.38,2.61,Poor,Low
S0697,24,Other,73.02,1,2.37,84.89,93.49,0,1,1.65,3.78,3.96,Average,Moderate
S0698,19,Other,93.23,7,1.08,39.73,63.71,9,3,1.5,4.54,4.87,Good,Low
S0699,19,Female,77.33,5,7.68,24.56,89.87,8,0,1.11,2.89,2.82,Average,Low
S0700,20,Male,69.02,2,5.0,81.23,45.65,14,5,1.05,2.53,4.32,Average,Low
S0701,19,Female,98.84,8,4.34,34.28,14.94,14,1,4.52,2.0,4.9,Good,High
S0702,25,Male,55.54,4,2.5,11.15,92.99,2,2,1.18,3.42,4.49,Excellent,Moderate
S0703,18,Male,71.13,7,5.47,57.04,45.87,4,0,3.92,4.52,1.91,Good,High
S0704,25,Male,52.1,6,2.74,58.16,18.16,8,5,4.49,2.3,1.03,Average,High
S0705,22,Female,87.0,7,9.02,71.47,30.24,8,2,1.39,2.58,2.97,Good,High
S0706,22,Female,95.9,6,2.15,24.02,5.08,6,4,2.75,2.63,3.13,Average,Low
S0707,21,Female,64.0,2,8.84,44.38,46.83,11,0,4.85,3.24,1.81,Excellent,Low
S0708,25,Male,92.92,1,5.59,28.24,85.31,8,3,4.34,1.91,2.14,Poor,High
S0709,25,Male,64.61,6,8.28,8.1,93.36,5,4,2.96,4.29,4.06,Good,Moderate
S0710,25,Other,95.54,2,7.13,87.66,93.26,1,4,4.05,2.18,2.88,Average,Low
S0711,24,Male,87.7,2,6.97,72.89,12.52,8,2,4.33,3.82,2.27,Excellent,Moderate
S0712,19,Female,90.25,1,3.24,30.15,38.21,16,4,2.39,3.05,3.49,Excellent,Moderate
S0713,18,Male,50.9,3,2.34,59.94,2.82,0,1,4.57,3.34,3.61,Average,Moderate
S0714,21,Female,98.14,7,2.11,20.13,85.52,18,0,2.88,1.72,4.08,Poor,Moderate
S0715,25,Female,86.33,0,8.57,89.02,35.88,5,1,3.11,3.94,1.63,Good,Moderate
S0716,25,Male,65.24,0,8.2,11.49,63.11,4,2,5.0,1.75,3.97,Excellent,Moderate
S0717,20,Male,91.47,4,4.41,0.38,71.49,1,5,4.37,1.45,3.4,Good,Moderate
S0718,21,Female,64.08,10,1.32,50.2,42.98,8,2,2.45,3.19,1.23,Excellent,High
S0719,25,Female,93.64,4,3.82,58.31,30.64,13,0,1.04,3.84,4.11,Excellent,Moderate
S0720,21,Male,55.63,10,6.19,57.9,96.22,3,4,3.5,1.2,2.53,Average,High
S0721,19,Other,85.18,0,4.54,5.45,96.45,3,3,3.82,1.28,2.32,Poor,Moderate
S0722,20,Male,77.03,5,7.8,31.4,28.94,14,2,3.6,4.21,2.79,Excellent,High
S0723,21,Male,54.83,0,9.98,49.92,47.96,7,0,4.87,4.24,2.38,Good,Low
S0724,18,Other,62.09,4,1.91,21.66,97.28,3,3,4.45,1.98,2.35,Good,Moderate
S0725,18,Male,50.62,8,4.6,87.26,0.49,15,4,2.8,3.46,4.23,Excellent,Moderate
S0726,22,Female,73.44,4,4.31,8.71,41.27,3,5,1.25,2.77,1.5,Good,Low
S0727,20,Male,65.06,5,3.04,48.74,10.05,15,2,2.9,3.53,4.88,Good,Low
S0728,20,Male,79.92,7,1.98,69.14,50.92,11,5,3.76,4.45,3.22,Excellent,Low
S0729,22,Other,64.86,10,0.66,26.18,2.47,15,0,3.43,1.32,1.73,Good,Moderate
S0730,21,Male,65.0,0,8.87,62.42,40.69,18,5,3.15,4.11,1.52,Excellent,High
S0731,20,Female,87.16,1,4.2,82.94,22.07,7,5,2.88,2.97,3.37,Good,Low
S0732,18,Male,52.41,8,4.97,19.03,53.33,5,0,2.18,3.26,3.53,Excellent,Low
S0733,18,Male,95.14,2,9.17,91.72,99.6,9,0,2.11,3.62,1.21,Average,Low
S0734,25,Male,92.61,5,7.76,55.36,80.05,4,2,3.0,4.69,1.97,Average,Moderate
S0735,19,Female,83.39,4,1.31,29.92,84.56,17,5,1.64,1.23,4.18,Average,Moderate
S0736,20,Male,79.66,10,5.65,43.09,63.53,9,3,2.36,1.12,1.2,Good,High
S0737,21,Female,94.62,1,4.42,31.22,4.16,9,0,2.3,1.71,4.42,Good,Moderate
S0738,22,Female,59.27,6,7.97,72.51,20.68,6,4,3.35,4.95,3.63,Good,High
S0739,22,Other,53.95,3,7.24,79.63,92.51,17,5,1.27,3.86,2.74,Excellent,High
S0740,21,Male,61.98,0,6.9,83.29,36.61,0,0,4.32,3.46,2.39,Average,Moderate
S0741,24,Female,89.73,3,3.41,98.58,10.36,6,3,3.25,1.19,1.08,Good,Moderate
S0742,23,Female,51.73,5,8.05,79.13,70.24,0,2,3.68,4.52,4.3,Good,High
S0743,19,Female,79.14,6,0.52,60.14,29.95,14,5,3.81,4.25,1.57,Good,Low
S0744,22,Female,99.77,6,1.6,33.92,26.89,3,0,2.17,3.66,2.24,Good,Low
S0745,20,Female,92.78,6,3.36,54.46,99.8,19,0,2.88,2.36,3.28,Poor,Moderate
S0746,19,Female,76.07,2,0.77,4.11,85.81,9,4,4.82,1.28,1.98,Good,Moderate
S0747,20,Male,53.18,5,2.35,74.48,40.79,8,4,4.07,3.32,2.99,Average,Low
S0748,24,Male,91.57,7,8.3,44.6,98.03,1,5,4.88,3.88,4.24,Good,High
S0749,18,Other,79.95,3,9.48,2.0,65.01,13,0,3.99,1.38,2.88,Poor,Moderate
S0750,19,Female,55.75,7,3.05,6.25,74.2,15,5,1.7,3.54,4.8,Good,High
S0751,25,Female,54.69,1,2.65,38.75,3.15,0,0,1.26,2.15,4.39,Average,Moderate
S0752,22,Female,95.48,9,2.8,58.34,12.16,1,4,3.31,4.06,2.33,Excellent,Moderate
S0753,19,Male,83.46,8,2.78,46.42,63.31,6,3,2.43,3.16,2.6,Average,Moderate
S0754,19,Male,91.46,8,0.36,61.92,89.9,9,1,2.1,1.52,2.69,Good,High
S0755,19,Female,93.95,7,9.27,48.03,62.37,19,1,4.23,3.11,3.5,Good,High
S0756,23,Male,78.59,9,2.14,66.17,13.4,0,0,2.47,2.58,2.15,Average,Moderate
S0757,19,Male,75.87,9,4.2,21.91,11.58,12,4,2.27,1.72,4.88,Poor,Moderate
S0758,20,Female,71.52,0,0.1,11.28,84.42,0,2,4.4,4.37,3.43,Good,Moderate
S0759,18,Male,65.85,1,8.58,59.64,13.93,4,2,4.39,1.04,2.6,Average,Moderate
S0760,24,Female,71.73,5,7.31,48.47,52.02,15,1,2.43,2.25,3.58,Excellent,Moderate
S0761,21,Male,88.69,9,9.47,2.69,3.71,14,3,4.33,1.05,2.58,Average,High
S0762,19,Female,80.1,4,7.82,38.05,8.07,16,1,4.4,1.38,4.27,Average,High
S0763,22,Male,94.63,8,3.14,10.61,67.23,15,0,2.7,2.19,3.27,Good,Moderate
S0764,19,Female,72.17,4,2.48,53.14,68.92,12,3,1.27,1.22,1.17,Average,Moderate
S0765,22,Male,80.35,1,6.98,39.58,34.15,10,2,1.01,3.39,1.71,Average,High
S0766,20,Male,81.57,9,3.64,61.32,21.56,16,4,3.09,1.35,4.46,Good,High
S0767,22,Male,79.58,3,5.66,80.56,81.37,16,4,2.38,3.81,3.25,Average,Moderate
S0768,25,Female,85.13,8,0.06,29.97,21.71,1,0,4.99,1.21,4.8,Excellent,High
S0769,21,Female,61.87,0,0.62,96.21,54.2,12,1,4.09,1.24,1.29,Average,Moderate
S0770,18,Male,75.62,10,5.35,53.56,96.82,13,0,4.05,2.22,2.18,Average,Moderate
S0771,22,Female,55.21,0,5.66,61.83,14.79,10,4,4.82,4.59,1.77,Excellent,High
S0772,22,Female,69.23,6,7.51,68.07,94.09,9,2,4.55,3.57,3.22,Average,High
S0773,18,Female,74.38,10,1.32,66.67,18.29,2,4,2.27,4.08,2.53,Good,Low
S0774,21,Male,82.61,2,5.13,51.1,56.74,16,3,1.66,1.57,1.63,Good,Moderate
S0775,19,Female,97.53,9,1.94,42.88,37.7,14,5,3.98,4.34,3.57,Good,Moderate
S0776,22,Male,80.03,1,0.93,5.38,96.49,8,4,2.51,1.03,3.15,Good,Moderate
S0777,18,Male,87.18,8,4.1,2.21,27.35,9,4,2.89,1.85,2.1,Average,Moderate
S0778,25,Other,75.31,2,1.63,35.8,39.97,7,5,3.52,3.46,2.92,Good,Low
S0779,25,Male,81.71,1,2.22,33.37,98.29,12,3,4.63,2.5,3.98,Good,Moderate
S0780,20,Female,53.55,7,3.18,38.77,53.65,17,1,2.68,4.94,1.82,Average,High
S0781,18,Female,62.72,9,2.59,13.84,50.26,4,4,4.13,1.12,2.17,Excellent,Moderate
S0782,20,Female,68.09,5,0.88,73.82,25.78,5,0,2.07,4.99,2.38,Good,Moderate
S0783,25,Female,73.62,5,0.9,85.7,70.14,16,4,3.79,3.49,3.99,Good,Moderate
S0784,21,Male,52.28,9,1.93,93.87,1.44,10,0,1.01,3.23,4.39,Average,Moderate
S0785,19,Male,57.0,10,0.51,49.24,4.95,19,3,4.49,1.24,2.51,Good,Low
S0786,18,Female,63.84,6,6.26,70.09,59.94,15,4,1.12,2.09,2.19,Good,Moderate
S0787,24,Male,98.58,6,2.87,85.56,34.17,8,3,3.85,4.7,4.56,Good,High
S0788,25,Male,66.57,10,2.8,41.83,95.33,1,3,1.19,2.42,5.0,Average,High
S0789,25,Male,74.1,5,3.32,30.94,90.32,4,1,2.06,3.65,3.68,Excellent,Moderate
S0790,24,Male,59.8,3,6.63,93.67,71.37,0,4,2.99,5.0,4.96,Poor,High
S0791,23,Male,80.54,10,8.71,51.57,81.81,3,0,2.68,2.05,3.64,Average,Moderate
S0792,25,Male,64.03,8,7.59,49.73,66.73,3,0,1.77,3.3,3.93,Average,Moderate
S0793,22,Female,60.35,5,7.28,17.84,12.56,2,4,2.34,3.79,2.55,Good,Moderate
S0794,21,Female,75.83,3,4.84,10.82,76.55,8,5,3.91,1.66,2.73,Good,Low
S0795,18,Female,50.28,2,6.94,84.21,21.02,11,1,3.68,1.59,1.58,Poor,Moderate
S0796,24,Male,50.38,3,5.53,61.41,32.34,9,1,1.29,2.83,4.29,Excellent,High
S0797,22,Male,60.95,2,2.16,32.58,81.92,1,1,3.99,2.54,4.72,Excellent,High
S0798,24,Male,51.84,1,2.09,19.17,53.65,10,0,1.21,3.86,3.49,Good,Moderate
S0799,18,Female,55.4,4,2.96,55.55,85.99,9,3,3.17,1.28,2.37,Poor,High
S0800,20,Female,66.94,1,9.11,58.39,21.3,5,5,2.04,4.89,1.62,Average,Moderate
S0801,18,Male,90.13,5,5.47,20.7,60.78,17,1,3.35,1.06,2.06,Good,High
S0802,23,Other,78.6,2,7.34,85.14,8.38,1,0,2.05,3.41,2.02,Average,Moderate
S0803,18,Male,75.63,5,3.47,8.43,64.31,1,0,4.94,3.25,3.45,Good,Low
S0804,18,Female,64.67,10,4.08,35.61,76.25,9,3,2.24,1.54,4.78,Average,High
S0805,23,Female,96.59,9,1.26,68.04,58.49,15,4,1.97,1.6,1.19,Good,Moderate
S0806,21,Female,69.85,8,1.71,27.41,26.62,11,4,2.11,4.17,1.0,Average,Moderate
S0807,25,Female,54.35,0,8.27,82.77,3.13,0,1,4.59,4.55,3.4,Good,Moderate
S0808,18,Female,80.85,5,5.85,73.99,11.94,7,1,3.54,2.13,2.14,Good,Moderate
S0809,23,Male,55.69,8,3.38,78.9,62.23,15,5,3.92,2.75,4.52,Good,Moderate
S0810,22,Female,67.26,10,8.03,11.91,93.44,17,3,4.67,2.42,2.31,Good,Moderate
S0811,20,Male,75.37,3,2.47,14.05,20.65,12,1,4.65,1.29,2.16,Average,Moderate
S0812,20,Female,93.71,10,9.76,28.65,73.5,14,3,3.96,3.69,2.08,Good,Moderate
S0813,18,Female,74.68,1,3.45,51.81,86.65,11,0,1.79,4.3,1.58,Good,High
S0814,21,Female,85.11,3,3.37,74.8,52.09,7,1,4.37,2.22,3.33,Good,Moderate
S0815,21,Female,99.64,0,3.12,83.65,66.93,9,0,1.82,4.96,1.67,Good,Low
S0816,22,Female,56.57,2,1.22,70.43,81.5,13,2,3.97,1.3,2.7,Excellent,Low
S0817,18,Female,63.74,9,1.11,92.86,26.07,4,3,3.74,3.65,2.84,Good,Low
S0818,20,Female,69.73,8,6.48,73.87,29.69,17,2,4.04,2.79,1.08,Good,Moderate
S0819,21,Male,71.09,9,8.75,30.63,0.06,18,1,3.13,2.79,1.07,Good,Moderate
S0820,18,Male,70.55,4,7.91,26.51,96.31,14,0,3.55,2.83,3.08,Good,Moderate
S0821,24,Male,95.38,10,1.41,69.62,91.75,5,1,4.81,2.03,3.78,Poor,Moderate
S0822,21,Male,85.7,5,5.46,19.29,76.46,10,2,1.4,3.86,4.77,Average,Moderate
S0823,23,Female,80.4,2,1.06,9.27,7.91,10,1,2.24,3.89,1.72,Good,Moderate
S0824,24,Male,65.47,4,0.45,53.22,44.75,19,5,3.45,2.13,1.41,Average,Moderate
S0825,25,Other,91.19,10,6.56,82.16,10.19,19,4,4.86,4.34,1.21,Average,Moderate
S0826,21,Male,97.75,7,5.35,10.14,1.59,17,2,1.38,2.27,2.74,Good,Moderate
S0827,20,Male,91.06,5,0.82,79.19,61.62,17,1,1.09,3.9,3.49,Average,High
S0828,19,Female,50.08,3,0.35,81.16,96.08,9,0,1.22,1.48,4.36,Excellent,High
S0829,24,Female,81.82,1,9.9,48.23,90.29,1,1,1.21,1.67,3.73,Average,Low
S0830,25,Female,52.56,8,0.3,5.73,69.68,8,0,4.63,2.26,1.83,Good,Moderate
S0831,22,Female,62.88,0,4.45,17.46,9.66,13,4,3.89,3.38,2.85,Good,Moderate
S0832,22,Female,52.98,0,5.05,70.74,27.42,18,1,3.71,3.58,4.64,Good,Moderate
S0833,20,Male,80.19,3,1.17,71.18,32.01,9,4,3.09,2.59,2.31,Poor,Moderate
S0834,21,Other,84.33,6,1.69,89.84,76.32,3,2,4.13,1.31,2.99,Average,High
S0835,18,Other,55.72,0,3.52,58.27,80.22,5,0,1.62,2.49,4.83,Good,Moderate
S0836,21,Female,69.19,8,7.62,12.41,38.51,13,5,2.57,3.76,3.94,Excellent,Moderate
S0837,20,Male,72.81,3,5.07,12.14,41.79,3,2,2.96,3.68,3.99,Good,Moderate
S0838,22,Female,68.45,2,6.38,72.11,4.45,14,0,1.44,1.64,2.01,Good,Moderate
S0839,21,Male,56.05,0,9.85,18.38,28.91,15,4,2.68,1.03,2.66,Excellent,High
S0840,22,Male,70.95,9,7.68,32.84,45.13,6,3,2.27,4.01,1.33,Good,Moderate
S0841,24,Male,87.56,3,4.34,48.72,11.7,16,1,1.14,1.43,3.43,Average,High
S0842,25,Female,53.55,8,4.46,2.48,45.33,18,4,1.55,1.33,1.41,Average,Moderate
S0843,18,Female,54.01,9,6.19,24.88,85.32,18,0,4.06,1.01,4.34,Good,Moderate
S0844,24,Female,67.74,5,6.65,40.79,58.13,16,0,1.07,2.73,4.26,Good,Low
S0845,22,Female,97.09,5,5.01,27.96,7.89,5,0,4.74,3.01,3.13,Poor,Moderate
S0846,22,Male,83.43,0,6.45,13.64,19.17,10,0,1.35,3.55,1.56,Average,Moderate
S0847,19,Male,83.93,9,0.24,72.8,47.45,15,1,4.2,2.18,1.1,Average,Moderate
S0848,19,Male,68.1,1,4.3,81.31,36.15,7,2,4.59,3.84,4.19,Poor,Moderate
S0849,24,Other,79.68,10,2.79,25.75,35.87,10,5,4.76,1.68,3.4,Average,High
S0850,23,Male,50.51,5,1.29,77.44,52.93,6,3,4.47,4.33,3.84,Excellent,Moderate
S0851,24,Female,81.8,1,1.0,38.56,58.44,18,1,2.15,3.29,2.22,Good,Low
S0852,19,Female,95.66,2,6.03,50.67,79.69,9,0,2.33,3.34,3.04,Poor,High
S0853,22,Male,80.63,3,5.24,85.6,34.1,8,1,2.71,1.84,3.99,Good,Moderate
S0854,20,Female,93.68,10,2.54,75.0,80.55,3,4,1.56,1.3,2.85,Excellent,Low
S0855,24,Female,86.2,4,4.71,80.51,33.86,14,5,1.09,2.86,3.41,Good,Moderate
S0856,22,Female,56.03,8,4.92,13.68,5.54,12,0,4.48,3.46,4.16,Average,Moderate
S0857,20,Other,95.12,3,1.95,6.97,55.42,1,3,3.22,1.38,1.86,Poor,Moderate
S0858,20,Male,53.32,10,6.52,89.34,58.79,1,0,3.43,4.8,1.26,Good,Moderate
S0859,19,Male,76.7,8,7.81,38.78,93.45,15,5,4.71,4.92,3.13,Good,Moderate
S0860,24,Female,57.11,10,7.91,28.79,72.61,8,3,3.66,3.18,1.25,Average,Moderate
S0861,21,Other,50.59,9,6.02,72.47,91.78,12,5,3.76,4.8,4.07,Good,Low
S0862,18,Male,71.1,2,5.12,83.64,90.83,2,3,4.15,1.72,3.88,Excellent,High
S0863,19,Female,64.75,7,0.61,86.25,60.46,8,2,1.47,1.1,4.53,Poor,Moderate
S0864,19,Female,74.3,0,2.88,31.6,52.78,12,2,2.44,1.16,3.56,Good,High
S0865,21,Female,78.86,10,0.93,85.22,55.74,1,1,4.87,3.35,1.27,Good,High
S0866,18,Male,52.19,8,9.64,4.09,97.83,7,1,4.69,1.25,2.01,Average,Moderate
S0867,22,Female,56.15,8,1.35,4.97,77.32,8,3,4.54,4.83,4.23,Excellent,Moderate
S0868,23,Other,77.93,9,1.52,62.35,10.63,15,0,2.81,1.57,1.67,Poor,High
S0869,24,Male,67.16,1,8.9,6.31,77.84,1,4,4.43,2.22,3.79,Good,High
S0870,23,Male,86.46,3,9.44,32.46,17.05,5,4,1.19,4.29,4.12,Good,Moderate
S0871,22,Other,82.61,7,7.66,67.28,44.74,7,0,1.59,1.87,2.32,Excellent,Low
S0872,25,Male,92.28,6,0.05,33.73,21.05,4,0,2.66,1.97,2.29,Good,Moderate
S0873,19,Female,84.62,0,0.01,17.96,68.96,8,2,2.93,3.57,3.23,Average,High
S0874,18,Female,71.5,4,3.78,28.14,87.73,0,4,2.05,2.1,4.45,Average,Low
S0875,19,Male,83.65,6,1.43,45.76,29.04,8,3,2.43,1.87,1.9,Poor,Moderate
S0876,20,Female,63.77,3,0.18,47.54,8.2,9,5,1.65,2.02,4.77,Good,Low
S0877,19,Male,65.32,0,4.64,78.3,29.85,3,1,2.96,2.96,3.4,Average,Moderate
S0878,19,Female,89.45,8,9.43,75.02,67.24,2,5,4.18,4.86,4.97,Good,Moderate
S0879,22,Male,72.32,4,3.24,45.68,32.88,9,2,3.65,4.33,1.36,Average,Low
S0880,22,Female,89.92,10,6.61,84.57,27.81,14,4,1.43,2.14,1.51,Average,High
S0881,22,Male,91.12,1,6.52,11.42,18.44,10,0,2.95,2.45,4.31,Good,Low
S0882,23,Male,92.88,7,2.51,25.54,49.75,13,4,3.79,2.86,4.46,Good,Low
S0883,20,Other,95.83,10,6.5,82.8,27.59,5,3,3.12,4.92,2.78,Good,Low
S0884,25,Male,71.55,1,2.12,37.8,73.1,11,2,2.57,1.69,3.86,Good,Moderate
S0885,25,Female,65.94,2,1.22,98.12,7.66,12,0,3.49,2.43,4.47,Poor,High
S0886,22,Male,79.11,9,7.01,46.63,66.4,16,5,4.87,3.92,1.17,Good,Moderate
S0887,18,Female,68.56,0,1.13,79.19,23.76,15,3,1.38,4.86,3.3,Excellent,Low
S0888,23,Male,80.05,10,9.97,40.23,48.93,2,5,2.56,1.62,4.41,Excellent,Moderate
S0889,21,Other,85.28,1,1.83,42.5,28.61,1,1,2.63,1.91,2.59,Average,Moderate
S0890,18,Female,84.42,6,5.94,38.29,72.28,10,2,3.31,1.9,2.21,Good,Moderate
S0891,24,Male,68.73,9,4.11,71.91,94.53,8,3,1.61,1.08,4.18,Good,Moderate
S0892,24,Male,58.34,1,1.26,54.75,91.71,2,3,1.71,3.42,2.34,Good,High
S0893,18,Male,71.53,5,0.28,94.38,58.34,17,5,2.14,3.68,1.01,Average,Moderate
S0894,22,Female,57.13,2,6.23,25.09,46.26,19,0,4.82,3.41,4.84,Good,Low
S0895,21,Male,94.5,3,8.07,10.06,81.83,14,1,3.94,1.29,3.37,Average,High
S0896,21,Female,67.29,10,8.42,39.33,68.33,13,5,3.65,1.28,4.28,Good,Low
S0897,23,Male,57.72,7,4.83,61.67,18.36,1,3,4.27,1.84,4.3,Good,Moderate
S0898,21,Male,51.27,2,7.77,86.08,82.09,16,2,1.51,2.16,1.27,Excellent,Moderate
S0899,24,Female,82.29,9,6.73,34.62,42.89,7,3,4.44,4.15,1.68,Excellent,Moderate
S0900,20,Female,81.85,5,7.24,65.38,18.9,9,4,3.38,1.64,2.24,Good,High
S0901,22,Male,67.03,0,4.93,35.02,28.18,17,2,2.34,1.18,2.28,Good,Moderate
S0902,21,Male,53.59,6,6.33,61.72,26.75,18,2,4.26,2.58,3.64,Average,Moderate
S0903,23,Male,70.48,7,8.06,88.48,51.92,7,3,4.21,2.67,3.49,Excellent,Moderate
S0904,24,Female,65.56,10,3.98,23.14,23.44,7,0,4.38,2.8,2.98,Excellent,Moderate
S0905,20,Female,83.86,7,8.06,40.42,12.36,2,2,1.46,4.31,1.85,Average,High
S0906,19,Female,80.29,2,5.92,99.33,12.37,2,4,4.88,1.39,2.53,Good,Moderate
S0907,19,Female,68.23,9,1.66,86.86,58.33,11,5,4.84,3.82,3.17,Average,Moderate
S0908,20,Female,60.89,0,0.25,56.46,73.48,16,0,2.43,2.35,2.87,Average,Moderate
S0909,24,Female,99.4,8,3.63,51.66,32.15,3,0,1.26,2.24,1.51,Good,High
S0910,23,Female,72.7,5,5.47,28.46,3.47,16,0,1.67,4.73,3.6,Average,Low
S0911,20,Male,84.41,10,8.4,51.72,12.72,13,2,4.97,1.99,1.29,Good,Moderate
S0912,22,Male,57.03,8,1.27,84.82,91.47,18,0,3.25,3.57,2.51,Good,Moderate
S0913,22,Male,74.28,6,8.0,68.52,49.35,8,3,2.43,2.1,3.84,Good,Moderate
S0914,19,Male,51.38,0,8.63,29.0,45.36,11,0,2.15,3.03,1.08,Good,Moderate
S0915,21,Female,75.27,0,1.51,20.15,3.8,4,4,2.03,4.15,3.28,Good,High
S0916,23,Other,98.2,5,8.52,26.52,72.86,10,1,3.66,4.53,2.34,Good,Moderate
S0917,19,Male,69.21,4,9.91,16.98,52.81,19,4,2.68,4.35,1.04,Good,Moderate
S0918,21,Male,51.95,8,7.27,9.56,20.21,2,2,4.86,3.33,1.76,Excellent,Moderate
S0919,21,Female,51.55,1,7.85,41.91,11.01,14,0,3.74,2.0,4.76,Excellent,Moderate
S0920,25,Other,69.4,7,9.94,11.33,38.34,13,0,4.17,3.64,3.08,Excellent,Moderate
S0921,22,Male,58.0,10,6.05,17.19,83.72,10,3,2.17,3.84,4.99,Excellent,Moderate
S0922,24,Female,51.17,4,3.08,54.73,86.53,19,5,1.32,1.04,3.1,Good,Low
S0923,18,Male,87.81,1,8.38,16.46,60.28,7,0,2.95,2.76,3.18,Good,High
S0924,24,Male,72.93,9,6.14,6.39,72.75,3,4,2.26,4.37,2.57,Excellent,Low
S0925,18,Other,64.46,10,5.81,31.74,11.52,11,2,1.81,2.96,2.24,Average,High
S0926,20,Other,95.0,10,2.54,22.03,58.81,7,1,4.81,2.25,2.01,Average,Moderate
S0927,22,Male,55.81,5,7.56,51.53,66.7,5,0,2.78,4.49,2.37,Good,Moderate
S0928,21,Other,97.8,9,0.82,10.24,20.07,14,1,1.7,1.62,2.84,Average,Moderate
S0929,23,Female,65.7,7,9.24,75.18,88.02,11,0,1.79,1.83,1.77,Good,Moderate
S0930,18,Female,94.42,3,3.26,90.62,19.5,15,2,2.12,3.75,1.9,Excellent,Moderate
S0931,24,Female,80.15,1,1.28,74.34,31.35,15,5,5.0,2.41,2.09,Poor,High
S0932,21,Female,91.34,10,4.42,53.28,62.06,19,4,2.07,3.85,2.8,Excellent,Moderate
S0933,18,Female,99.2,4,0.42,86.07,63.84,19,2,2.32,1.63,3.61,Poor,High
S0934,18,Female,64.42,1,6.85,69.49,69.94,3,1,3.64,2.01,4.42,Good,Moderate
S0935,25,Male,98.06,1,9.03,1.06,11.2,10,0,2.18,1.63,2.15,Good,High
S0936,18,Male,69.47,5,8.37,39.41,84.95,12,1,1.86,4.81,1.73,Good,High
S0937,23,Male,69.28,10,1.27,85.1,53.28,8,4,1.63,2.62,2.52,Good,High
S0938,22,Female,67.02,9,1.26,34.59,47.13,3,2,2.25,2.35,4.58,Excellent,Moderate
S0939,23,Male,77.07,8,8.13,3.52,98.11,11,1,1.42,1.06,1.04,Good,Low
S0940,19,Female,57.71,3,9.24,74.62,74.04,8,1,1.07,1.61,3.71,Average,Low
S0941,21,Other,77.69,5,4.61,80.2,11.8,12,4,4.22,2.68,2.91,Good,High
S0942,22,Male,77.09,6,4.99,16.06,75.65,15,0,1.55,1.27,1.64,Good,Moderate
S0943,25,Female,88.1,10,3.18,53.73,9.52,5,1,4.1,3.04,2.28,Good,Moderate
S0944,22,Male,91.68,5,8.94,19.2,2.75,9,4,4.19,2.82,1.9,Average,Moderate
S0945,22,Female,72.02,7,6.45,71.92,40.36,12,0,3.15,4.07,4.51,Good,Moderate
S0946,24,Male,65.12,3,2.88,27.16,99.36,6,5,2.24,3.64,2.93,Good,High
S0947,22,Female,62.97,0,2.99,31.62,17.49,18,0,1.58,2.78,3.25,Poor,Moderate
S0948,25,Female,59.73,6,8.91,84.5,67.26,18,5,3.95,1.9,3.37,Good,Moderate
S0949,23,Other,52.88,2,0.14,47.63,17.34,16,2,3.41,3.91,3.56,Good,High
S0950,22,Female,67.12,5,3.23,66.98,72.48,12,4,3.62,3.83,2.98,Average,Moderate
S0951,20,Female,63.51,1,5.54,40.24,50.54,12,0,1.03,1.61,1.07,Average,Moderate
S0952,21,Female,98.32,8,1.48,29.8,68.0,1,5,4.71,4.66,2.34,Good,High
S0953,22,Female,77.89,0,0.92,62.55,20.29,9,5,1.27,1.26,1.74,Excellent,Moderate
S0954,21,Female,67.36,5,8.15,15.49,74.56,12,2,2.47,1.22,3.72,Average,Moderate
S0955,20,Male,79.02,5,8.94,37.3,99.56,8,3,2.61,1.75,1.23,Good,Low
S0956,20,Other,56.96,4,8.24,20.9,66.57,0,4,1.01,4.64,3.26,Poor,Moderate
S0957,21,Female,72.2,4,8.99,69.58,49.35,13,3,2.99,3.08,1.84,Excellent,Moderate
S0958,18,Female,81.31,0,5.53,94.42,92.32,15,0,4.01,4.15,4.8,Good,Moderate
S0959,19,Male,74.44,9,8.12,99.55,1.59,19,4,4.29,1.91,2.34,Excellent,Moderate
S0960,24,Female,70.09,4,3.84,45.03,72.99,14,2,4.52,2.96,2.3,Average,High
S0961,18,Male,99.69,1,6.66,25.25,88.87,0,0,2.95,2.43,4.69,Average,Moderate
S0962,18,Female,94.02,6,9.89,44.28,6.17,16,4,3.52,4.31,2.67,Average,Moderate
S0963,23,Male,81.17,2,2.26,84.73,45.01,12,4,1.32,1.09,4.85,Poor,Moderate
S0964,24,Female,78.47,3,3.9,20.6,20.47,14,3,2.95,1.98,1.1,Excellent,Low
S0965,24,Other,81.03,2,4.8,95.21,56.65,15,0,1.62,1.61,2.23,Excellent,Moderate
S0966,18,Male,60.07,2,1.38,34.19,64.95,15,2,2.48,4.44,3.66,Average,High
S0967,22,Other,69.76,3,0.81,98.58,30.26,1,2,2.32,2.87,4.56,Average,High
S0968,23,Male,51.97,4,8.3,83.86,46.0,16,0,2.69,2.62,2.03,Average,High
S0969,23,Female,73.78,0,9.77,80.86,27.93,10,0,3.29,2.8,4.72,Average,Moderate
S0970,20,Female,77.15,3,4.05,31.79,36.94,7,5,4.61,4.89,3.38,Good,Moderate
S0971,25,Female,61.39,10,0.88,0.88,15.95,19,1,2.58,4.4,4.2,Good,Low
S0972,24,Female,98.2,7,0.66,38.21,88.56,2,3,4.92,3.83,2.59,Poor,Moderate
S0973,18,Female,95.47,9,8.91,30.18,1.0,11,0,4.04,2.16,1.85,Good,Low
S0974,20,Male,86.11,6,4.64,3.74,88.24,19,0,3.05,1.66,4.64,Good,Moderate
S0975,21,Male,76.67,8,3.2,50.54,57.17,15,1,3.58,4.69,4.73,Average,Low
S0976,19,Female,93.5,4,4.76,40.3,33.17,13,1,1.41,2.69,2.99,Good,Moderate
S0977,25,Female,56.53,9,3.18,63.46,72.31,15,4,4.38,2.12,1.03,Average,Moderate
S0978,25,Female,89.53,3,4.89,62.12,50.78,16,2,3.33,2.88,1.44,Excellent,Moderate
S0979,25,Female,56.24,7,8.6,12.07,49.91,10,3,4.94,4.67,3.29,Average,Moderate
S0980,23,Male,89.71,8,5.92,97.7,11.01,16,4,3.55,2.55,1.1,Average,Moderate
S0981,21,Female,63.79,6,6.95,18.69,38.95,18,0,4.34,3.25,2.59,Good,High
S0982,25,Male,93.85,6,3.65,44.53,24.11,0,1,4.2,4.21,2.21,Good,High
S0983,21,Female,97.2,4,7.39,48.81,1.57,11,5,2.38,2.71,3.86,Good,Moderate
S0984,22,Male,57.44,3,6.67,81.31,36.01,14,2,2.04,1.93,1.22,Good,Moderate
S0985,25,Male,73.13,9,1.2,9.92,8.98,17,4,2.72,4.98,2.95,Good,High
S0986,19,Male,99.05,0,5.73,42.86,25.68,13,5,2.87,4.83,3.32,Good,High
S0987,21,Male,74.17,9,2.57,62.85,9.25,0,2,1.96,4.37,3.47,Good,Moderate
S0988,21,Female,93.18,9,8.04,21.52,10.09,12,5,4.58,3.75,2.62,Excellent,Moderate
S0989,19,Male,79.44,6,4.26,62.75,19.9,14,1,3.17,2.18,2.22,Excellent,High
S0990,25,Male,68.77,0,9.95,92.37,99.98,6,4,4.91,4.65,3.73,Average,High
S0991,19,Male,64.29,0,0.93,99.75,0.22,14,4,4.24,2.1,4.39,Excellent,High
S0992,21,Male,60.16,4,7.8,3.25,63.87,19,2,3.22,4.2,3.77,Average,High
S0993,19,Male,88.09,8,6.74,23.56,14.12,9,5,4.79,4.67,4.73,Average,Low
S0994,21,Male,69.33,5,7.67,31.03,92.06,13,1,3.02,3.41,3.87,Average,High
S0995,21,Female,75.56,2,3.08,39.91,9.36,5,0,4.55,4.21,4.06,Average,Moderate
S0996,22,Female,74.62,2,4.92,24.23,95.51,13,4,2.43,4.17,1.67,Excellent,Moderate
S0997,18,Female,78.86,6,7.97,20.35,61.09,11,0,2.51,1.77,2.68,Average,Low
S0998,21,Female,93.28,5,2.33,95.46,0.13,10,1,2.67,3.67,2.94,Good,High
S0999,25,Male,99.04,8,2.26,91.85,89.4,19,4,3.19,1.37,2.03,Average,High
S1000,20,Female,70.38,5,5.51,4.7,52.17,18,4,3.21,3.03,3.11,Average,High
